"002100190002";2;0;0;00
"002100190074";1;4;3;04
"002100190126";1;9;3;00
"002100190134";5;0;0;00
"002100190147";5;0;0;00
"002100190188";1;4;3;00
"002100190238";1;0;0;00
"002100190250";2;2;3;00
"002100190291";1;1;1;04
"002100190294";3;1;1;01
"002100190306";1;1;1;01
"002100190308";1;2;4;00
"002100190310";2;1;1;04
"002100190326";2;1;1;04
"002100190327";1;2;3;00
"002100190354";1;9;3;04
"002100190361";2;1;1;04
"002100190407";2;1;1;04
"002100190425";5;0;0;00
"002100190471";2;2;3;03
"002100190486";2;2;3;00
"002100190605";1;9;3;00
"002100190609";5;0;0;00
"002100190631";2;1;1;04
"002100190645";2;3;4;02
"002100190678";1;1;1;04
"002100190681";3;2;6;02
"002100190682";2;1;1;01
"002100190683";2;1;1;01
"002100190684";2;9;6;04
"002100190734";5;0;0;00
"002100190736";3;1;1;04
"002100190745";2;9;5;00
"002100190838";5;0;0;00
"002100190841";2;1;1;04
"002100190843";2;1;1;00
"002100190870";2;9;3;02
"002100190976";2;2;3;02
"002100191063";5;0;0;00
"002100191077";1;2;3;04
"002100191085";2;1;1;00
"002100191108";2;2;3;00
"002100191119";3;2;0;10
"002100191122";5;0;0;00
"002100191124";5;0;0;00
"002100191145";1;1;1;04
"002100191185";1;2;3;00
"002100191197";2;1;1;04
"002100191204";5;0;0;00
"002100191280";1;1;1;07
"002100191321";1;1;1;04
"002100191324";2;1;1;01
"002100191377";2;1;1;04
"002100191390";2;1;1;01
"002100191412";2;1;1;04
"002100191510";3;2;3;00
"002100191532";5;0;0;00
"002100191548";1;1;1;00
"002100191593";2;1;1;04
"002100191594";1;9;7;00
"002100191601";2;1;1;04
"002100191612";2;1;1;00
"002100191657";5;0;0;00
"002100191663";1;2;3;03
"002100191705";2;9;3;03
"002100191821";2;1;1;04
"002100191937";1;9;4;00
"002100191945";2;1;1;01
"002100191977";3;1;2;10
"002100192011";2;4;1;04
"002100192064";1;5;6;07
"002100192080";1;1;1;01
"002100192089";2;1;1;04
"002100192205";1;1;1;07
"002100192211";1;9;3;03
"002100192225";2;1;1;07
"002100192296";5;0;0;00
"002100192393";5;0;0;00
"002100192412";1;1;1;00
"002100192498";1;9;3;00
"002100192512";1;9;3;00
"002100192537";2;2;4;02
"002100192605";2;1;1;00
"002100192614";3;2;3;02
"002100192616";1;1;1;01
"002100192669";2;1;7;09
"002100192675";2;1;3;02
"002100192722";1;2;3;03
"002100192730";1;2;1;10
"002100192742";3;2;3;00
"002100192751";2;1;1;00
"002100192783";1;9;3;10
"002100192809";2;1;1;04
"002100192831";2;1;1;01
"002100192842";5;0;0;00
"002100192868";5;0;0;00
"002100192942";5;0;0;00
"002100192971";1;1;1;04
"002100192997";2;1;3;04
"002100193001";2;1;1;04
"002100193055";5;0;0;00
"002100193062";3;1;1;01
"002100193150";1;9;3;02
"002100193190";3;3;2;00
"002100193216";2;9;7;00
"002100193248";2;2;0;00
"002100193336";2;1;1;04
"002100193400";1;1;1;04
"002100193541";2;1;1;04
"002100193586";2;2;3;02
"002100193605";5;0;0;00
"002100193633";1;1;1;04
"002100193644";1;1;1;04
"002100193710";2;2;3;00
"002100193741";2;1;1;10
"002100193757";1;1;1;04
"002100193762";5;0;0;00
"002100193794";3;2;3;00
"002100193816";2;1;1;04
"002100193837";1;2;7;00
"002100193898";3;2;3;00
"002100193943";1;2;3;00
"002100193949";1;4;1;04
"002100194014";1;9;0;00
"002100194018";2;1;1;04
"002100194024";1;9;3;00
"002100194153";1;9;3;00
"002100194172";3;2;6;04
"002100194178";3;2;3;00
"002100194242";2;1;1;00
"002100194262";2;3;2;04
"002100194290";5;0;0;00
"002100194316";3;1;1;01
"002100194319";3;4;3;10
"002100194328";2;1;1;04
"002100194405";1;9;3;02
"002100194416";1;2;3;00
"002100194464";2;1;1;01
"002100194532";2;1;1;06
"002100194542";3;1;1;04
"002100194639";2;1;1;01
"002100194668";1;1;1;01
"002100194675";5;0;0;00
"002100194682";3;2;3;02
"002100194697";1;2;6;00
"002100194729";3;2;3;02
"002100194912";3;1;1;04
"002100194944";1;2;6;00
"002100194956";1;1;1;00
"002100195008";5;0;0;00
"002100195021";2;0;3;04
"002100195075";1;2;3;00
"002100195113";3;2;3;02
"002100195164";3;1;1;07
"002100195286";1;1;6;00
"002100195400";1;2;3;10
"002100195419";2;1;1;00
"002100195446";2;2;3;00
"002100195520";3;1;1;00
"002100195553";1;1;1;01
"002100195611";1;1;3;00
"002100195631";1;9;3;00
"002100195713";3;1;1;05
"002100195831";1;1;2;10
"002100195893";2;4;4;10
"002100195894";2;0;1;00
"002100195904";1;9;3;10
"002100195985";1;1;3;03
"002100196010";1;0;1;04
"002100196025";3;2;5;00
"002100196046";2;1;1;04
"002100196133";2;1;1;00
"002100196277";1;1;3;10
"002100196278";1;1;1;04
"002100196300";3;1;1;00
"002100196434";1;1;1;10
"002100196453";1;1;2;10
"002100196505";2;1;1;07
"002100196518";1;2;3;04
"002100196519";3;2;3;00
"002100196552";3;2;3;00
"002100196592";2;1;1;00
"002100196599";2;2;4;00
"002100196614";2;1;1;07
"002100196631";1;2;3;00
"002100196640";2;4;5;10
"002100196654";1;2;3;00
"002100196718";2;2;3;03
"002100196744";2;2;3;00
"002100196757";1;1;1;00
"002100196764";2;2;5;00
"002100196798";1;1;1;04
"002100196830";2;1;1;06
"002100196850";2;1;1;01
"002100196958";5;0;0;00
"002100196959";5;0;0;00
"002100196992";5;0;0;00
"002100197032";1;1;1;04
"002100197087";2;1;1;04
"002100197101";2;1;3;10
"002100197180";2;2;5;10
"002100197187";2;1;1;00
"002100197256";1;9;3;10
"002100197378";1;1;1;00
"002100197442";1;1;1;01
"002100197451";1;9;3;00
"002100197551";1;1;1;00
"002100197555";1;9;4;04
"002100197666";1;1;1;04
"002100197680";5;0;0;00
"002100197698";1;2;3;00
"002100197700";5;0;0;00
"002100197708";1;2;3;00
"002100197710";1;2;3;00
"002100197726";5;0;0;00
"002100197802";1;1;0;02
"002100197912";1;1;3;10
"002100197915";2;1;1;07
"002100197916";2;2;6;09
"002100197927";1;0;3;00
"002100197962";2;1;1;04
"002100197994";1;2;3;04
"002100198029";3;2;5;00
"002100198037";1;2;3;04
"002100198042";2;2;3;00
"002100198205";1;2;3;00
"002100198227";1;1;1;02
"002100198289";2;1;3;05
"002100198291";2;1;1;00
"002100198292";2;2;7;05
"002100198422";2;4;3;00
"002100198537";1;9;2;10
"002100198577";1;9;7;00
"002100198657";3;2;3;10
"002100198706";1;2;3;00
"002100198723";1;1;1;01
"002100198746";3;2;7;00
"002100198773";2;1;1;00
"002100198787";1;1;1;08
"002100198807";1;2;4;00
"002100198830";1;9;1;04
"002100198840";5;0;0;00
"002100198842";3;1;1;01
"002100198869";2;2;3;04
"002100198887";2;1;1;04
"002100198933";5;0;0;00
"002100198967";1;1;0;00
"002100199090";2;1;1;04
"002100199117";2;2;3;00
"002100199177";2;2;2;03
"002100199184";3;2;3;00
"002100199236";1;9;3;00
"002100199243";3;1;1;01
"002100199310";1;2;3;00
"002100199315";2;2;3;02
"002100199329";3;1;1;04
"002100199367";1;9;5;00
"002100199382";1;2;7;00
"002100199440";3;2;3;02
"002100199572";3;1;3;02
"002100199599";2;2;3;00
"002100199608";1;2;3;02
"002100199696";1;9;7;00
"002100199742";2;9;7;00
"002100199751";5;0;0;00
"002100199801";3;2;2;10
"002100199803";5;0;0;00
"003100190013";2;2;3;00
"003100190052";3;1;1;04
"003100190090";2;1;1;04
"003100190100";2;2;3;00
"003100190134";1;9;1;04
"003100190140";2;0;0;00
"003100190199";3;1;1;04
"003100190227";1;9;3;00
"003100190257";5;0;0;00
"003100190329";3;2;3;00
"003100190406";2;1;1;04
"003100190408";1;2;3;02
"003100190520";3;1;3;00
"003100190536";2;1;1;03
"003100190552";2;1;1;01
"003100190574";5;0;0;00
"003100190596";2;1;1;04
"003100190696";1;2;3;00
"003100190772";2;1;1;04
"003100190793";1;1;1;04
"003100190892";1;2;3;00
"003100190923";1;4;2;03
"003100190931";5;0;0;00
"003100190936";1;2;3;02
"003100190979";1;9;3;00
"003100191010";2;1;1;04
"003100191019";2;1;1;01
"003100191037";2;1;1;04
"003100191119";1;1;1;04
"003100191172";1;1;1;04
"003100191226";2;1;0;10
"003100191227";2;1;1;04
"003100191275";1;9;3;00
"003100191378";2;1;1;00
"003100191435";1;4;1;04
"003100191448";3;2;3;04
"003100191470";1;2;3;00
"003100191478";2;1;1;00
"003100191488";2;1;1;04
"003100191535";2;2;3;00
"003100191638";2;2;7;00
"003100191724";5;0;0;00
"003100191881";2;9;0;00
"003100191894";1;1;0;10
"003100191908";2;1;0;04
"003100191979";5;0;0;00
"003100192073";5;0;0;00
"003100192075";1;2;3;00
"003100192163";1;1;0;07
"003100192195";1;4;3;00
"003100192229";2;1;1;01
"003100192313";5;0;0;00
"003100192325";3;2;2;10
"003100192344";2;1;1;00
"003100192352";2;1;1;01
"003100192397";1;0;0;00
"003100192398";1;9;4;00
"003100192443";1;1;1;04
"003100192448";1;2;3;00
"003100192449";5;0;0;00
"003100192460";2;1;0;04
"003100192461";2;1;1;04
"003100192487";2;2;3;00
"003100192551";2;1;1;07
"003100192562";1;2;3;00
"003100192650";1;1;4;05
"003100192787";2;1;1;01
"003100192792";1;2;3;00
"003100192806";2;1;1;01
"003100192828";2;2;4;00
"003100192941";5;0;0;00
"003100192983";2;2;2;00
"003100193028";1;1;1;04
"003100193044";5;0;0;00
"003100193101";5;0;0;00
"003100193121";3;1;8;00
"003100193154";2;1;0;04
"003100193162";1;4;1;04
"003100193190";2;1;1;04
"003100193203";2;1;1;04
"003100193441";2;2;3;02
"003100193461";1;1;1;01
"003100193509";1;1;3;03
"003100193585";1;2;3;10
"003100193628";3;1;3;10
"003100193645";2;1;1;04
"003100193716";2;2;4;02
"003100193801";2;1;1;07
"003100193828";5;0;0;00
"003100193849";2;1;1;01
"003100193856";1;4;1;01
"003100193877";5;0;0;00
"003100193892";3;1;1;04
"003100193911";2;1;1;00
"003100193934";1;1;0;00
"003100193975";2;1;1;04
"003100194019";1;1;0;00
"003100194084";2;1;1;04
"003100194097";1;9;2;03
"003100194226";1;0;5;00
"003100194234";1;9;3;03
"003100194295";3;1;1;04
"003100194315";1;2;3;00
"003100194321";2;1;1;01
"003100194322";2;1;1;01
"003100194344";3;1;1;01
"003100194349";2;1;1;00
"003100194366";5;0;0;00
"003100194414";1;9;1;01
"003100194418";5;0;0;00
"003100194482";1;1;1;00
"003100194519";2;1;1;01
"003100194541";2;1;1;00
"003100194590";2;1;1;01
"003100194669";1;9;3;00
"003100194708";1;1;1;04
"003100194711";3;2;3;00
"003100194719";5;0;0;00
"003100194763";1;2;3;00
"003100194770";1;1;1;01
"003100194846";1;1;1;04
"003100194854";5;0;0;00
"003100194948";2;3;2;04
"003100194959";1;2;2;05
"003100194988";5;0;0;00
"003100194999";1;2;3;10
"003100195013";1;1;1;00
"003100195020";3;1;3;10
"003100195109";2;1;1;04
"003100195130";1;1;1;04
"003100195138";1;1;1;04
"003100195155";2;1;1;07
"003100195184";1;1;1;00
"003100195253";3;2;3;04
"003100195274";2;1;1;04
"003100195277";2;1;1;02
"003100195278";5;0;0;00
"003100195297";2;8;5;00
"003100195349";1;2;3;00
"003100195361";1;1;1;04
"003100195463";1;1;3;10
"003100195479";2;1;1;04
"003100195499";2;1;1;00
"003100195511";2;9;4;00
"003100195519";1;9;7;00
"003100195592";2;2;3;06
"003100195629";2;2;3;10
"003100195664";1;1;1;01
"003100195667";2;2;4;00
"003100195699";2;1;1;01
"003100195756";5;0;0;00
"003100195787";2;1;0;04
"003100195889";1;2;3;02
"003100195905";2;1;1;03
"003100195933";1;1;1;01
"003100195936";1;1;1;04
"003100196058";3;1;1;07
"003100196121";2;9;7;10
"003100196129";5;0;0;00
"003100196194";1;1;3;00
"003100196229";1;2;3;00
"003100196260";3;2;3;06
"003100196329";2;2;3;00
"003100196333";3;1;1;04
"003100196335";2;1;1;00
"003100196386";2;1;1;04
"003100196408";1;1;1;04
"003100196527";1;1;3;10
"003100196541";1;1;1;04
"003100196542";2;1;1;01
"003100196543";1;2;3;00
"003100196576";2;1;1;00
"003100196579";5;0;0;00
"003100196597";1;9;6;07
"003100196658";1;1;1;04
"003100196678";2;1;1;04
"003100196730";1;0;1;00
"003100196746";1;1;0;10
"003100196749";2;1;1;01
"003100196764";2;1;1;10
"003100196831";2;1;1;08
"003100196868";1;1;1;00
"003100196973";5;0;0;00
"003100197021";2;1;1;04
"003100197043";3;1;1;01
"003100197063";1;1;1;00
"003100197166";2;1;1;01
"003100197173";5;0;0;00
"003100197174";1;3;7;05
"003100197209";2;1;1;00
"003100197246";1;1;1;00
"003100197290";2;1;1;04
"003100197295";5;0;0;00
"003100197302";5;0;0;00
"003100197330";2;9;5;06
"003100197383";1;1;1;00
"003100197394";1;2;3;10
"003100197402";2;1;0;00
"003100197453";1;1;1;04
"003100197495";1;1;1;01
"003100197608";1;9;5;10
"003100197643";1;2;3;00
"003100197728";3;1;3;10
"003100197739";1;1;1;00
"003100197751";1;2;3;06
"003100197781";2;9;3;00
"003100197787";1;2;3;00
"003100197811";2;1;1;04
"003100197966";2;1;1;00
"003100198001";1;2;3;10
"003100198038";1;1;1;07
"003100198040";1;2;3;00
"003100198083";1;1;4;04
"003100198112";2;2;3;10
"003100198138";1;1;1;01
"003100198152";5;0;0;00
"003100198169";2;1;2;04
"003100198202";1;1;1;08
"003100198214";2;1;1;04
"003100198258";2;1;1;04
"003100198301";1;0;3;02
"003100198315";3;2;2;10
"003100198343";5;0;0;00
"003100198368";3;2;3;00
"003100198371";1;9;7;00
"003100198381";5;0;0;00
"003100198389";1;9;2;00
"003100198391";1;1;1;04
"003100198392";2;2;5;00
"003100198450";2;1;3;03
"003100198453";1;1;7;10
"003100198455";3;1;0;02
"003100198462";2;0;0;04
"003100198466";1;1;1;04
"003100198472";5;0;0;00
"003100198494";5;0;0;00
"003100198586";3;1;1;04
"003100198746";1;4;1;01
"003100198752";1;9;3;00
"003100198768";2;1;1;04
"003100198805";3;1;3;02
"003100198834";2;2;4;00
"003100198932";2;1;3;00
"003100198945";3;1;1;04
"003100198994";3;2;3;00
"003100199024";2;1;1;04
"003100199025";3;1;1;04
"003100199036";1;9;3;00
"003100199040";1;9;3;00
"003100199042";2;9;3;02
"003100199051";2;1;1;04
"003100199075";2;1;1;00
"003100199084";2;1;1;04
"003100199093";2;1;1;04
"003100199097";2;1;1;00
"003100199111";3;2;7;03
"003100199128";1;1;3;00
"003100199133";5;0;0;00
"003100199228";3;1;1;04
"003100199230";2;1;1;01
"003100199257";2;1;1;07
"003100199267";1;1;3;04
"003100199283";5;0;0;00
"003100199286";2;1;3;01
"003100199289";1;1;1;04
"003100199301";1;1;1;04
"003100199317";1;2;7;06
"003100199333";3;1;1;04
"003100199349";2;1;1;01
"003100199354";2;1;1;00
"003100199360";1;2;2;10
"003100199391";1;1;1;04
"003100199404";1;0;0;10
"003100199421";2;2;1;04
"003100199430";5;0;0;00
"003100199489";2;2;7;10
"003100199558";5;0;0;00
"003100199609";2;2;2;04
"003100199626";1;1;2;10
"003100199700";5;0;0;00
"003100199712";1;9;1;04
"003100199769";5;0;0;00
"003100199779";3;1;1;01
"003100199792";3;1;1;01
"003100199798";3;1;1;04
"003100199803";2;1;2;10
"003100199825";2;1;1;04
"003100199858";2;1;1;04
"003100199993";2;2;2;02
"004100190170";2;9;3;00
"004100190184";1;2;3;00
"004100190235";5;0;0;00
"004100190236";2;1;3;10
"004100190250";3;2;2;02
"004100190252";2;1;1;00
"004100190370";2;1;1;04
"004100190377";3;2;7;02
"004100190424";5;0;0;00
"004100190433";1;1;1;04
"004100190513";1;2;3;00
"004100190547";1;9;3;02
"004100190611";1;4;6;00
"004100190618";2;1;1;04
"004100190655";2;1;1;04
"004100190660";2;1;1;04
"004100190664";2;3;2;00
"004100190674";1;9;1;00
"004100190755";1;1;3;10
"004100190801";2;3;2;00
"004100190833";3;1;1;04
"004100190854";5;0;0;00
"004100190866";2;1;5;04
"004100190890";2;1;2;10
"004100190918";1;2;3;00
"004100190940";3;2;3;10
"004100190955";2;1;1;10
"004100190963";3;0;0;00
"004100190977";2;1;1;00
"004100190990";5;0;0;00
"004100191023";1;9;5;00
"004100191030";2;1;3;10
"004100191047";1;5;0;02
"004100191063";1;9;2;00
"004100191064";1;4;2;04
"004100191077";2;1;1;00
"004100191121";2;1;1;00
"004100191146";1;9;7;00
"004100191165";1;1;1;04
"004100191175";2;2;1;00
"010040190182";1;1;3;00
"010040190385";1;0;3;00
"010042192368";1;1;0;00
"010042192422";1;1;1;00
"010044194316";1;0;0;00
"010106190045";3;2;7;06
"010106190049";2;1;1;04
"010106190067";1;0;0;09
"010106190083";2;1;3;10
"010106190084";1;1;1;04
"010106190087";2;1;1;04
"010106190171";1;1;0;00
"010106190180";5;1;1;00
"010106190213";1;9;3;10
"010106190228";2;1;0;10
"010106190302";1;1;1;10
"010106190415";2;1;1;08
"010106190422";2;1;1;04
"010106190430";1;1;1;10
"010106190434";3;1;5;10
"010106190506";1;9;0;00
"010106190553";2;1;1;08
"010106190598";3;1;1;04
"010106190644";2;1;1;07
"010106190743";1;1;0;06
"010106190749";1;9;1;04
"010106190759";1;1;1;00
"010106190863";1;1;1;00
"010106190961";2;1;1;08
"010106191020";1;9;3;00
"010106191114";1;1;3;04
"010106191140";1;1;3;04
"010106191307";2;2;3;10
"010106191391";4;1;1;07
"010106191402";2;1;1;10
"010106191425";2;1;3;10
"010106191433";1;1;1;08
"010206190026";2;2;7;04
"010206190030";5;1;1;04
"010206190034";3;1;3;03
"010206190039";2;1;1;01
"010206190076";1;1;1;10
"010206190091";3;2;3;10
"010206190096";2;2;3;00
"010206190121";3;2;3;10
"010206190129";3;1;1;04
"010206190179";2;1;5;02
"010206190254";2;1;1;00
"010206190270";3;1;1;04
"010206190318";1;1;1;04
"010206190322";5;1;1;07
"010206190342";3;1;3;10
"010206190371";2;1;1;00
"010206190388";2;1;7;04
"010206190392";1;9;3;08
"010206190474";2;1;1;00
"010206190476";2;1;1;06
"010206190557";5;0;0;00
"010206190562";2;1;1;04
"010206190623";2;0;3;10
"010206190698";2;1;1;10
"010206190763";1;4;1;00
"010206190768";1;1;0;00
"010206190770";3;2;4;00
"010306190015";2;1;1;04
"010306190034";2;1;1;04
"010306190058";2;1;1;04
"010306190061";1;9;0;09
"010306190072";2;1;1;04
"010306190085";1;9;1;04
"010306190096";1;1;1;00
"010306190119";3;2;3;06
"010306190129";1;9;1;10
"010306190130";2;1;1;01
"010306190150";4;1;1;04
"010306190154";2;1;0;04
"010306190171";1;1;3;10
"010306190194";4;1;1;01
"010306190200";3;0;3;05
"010306190230";1;1;1;00
"010306190245";1;1;1;01
"010306190247";1;0;3;10
"010306190346";1;0;4;10
"010306190348";1;1;1;10
"010306190349";2;1;1;01
"010306190357";1;1;1;00
"010306190374";3;1;3;06
"010306190403";5;0;0;10
"010306190479";2;1;1;04
"010306190480";3;1;1;08
"010306190488";5;1;2;10
"010306190509";2;1;1;00
"010306190572";3;1;3;04
"010306190585";2;1;1;04
"010306190615";1;1;1;00
"010306190843";2;1;1;04
"010306190849";1;1;1;04
"010306190854";3;2;3;10
"010306190906";1;9;3;10
"010306190925";2;1;1;04
"010306190973";5;1;1;04
"010306190989";2;1;1;04
"010306190990";3;1;1;04
"010306190993";1;4;1;04
"010306191004";3;1;2;05
"010306191018";2;9;7;00
"010306191030";5;1;1;04
"010306191040";1;1;1;04
"010306191051";3;1;1;04
"010306191082";2;1;1;00
"010306191085";2;1;1;04
"010306191086";2;1;1;04
"010306191102";2;1;1;04
"010306191119";1;1;1;01
"010306191128";2;1;5;04
"010306191129";3;1;0;04
"010306191156";2;1;1;10
"010306191167";3;1;1;04
"010406190011";1;1;1;01
"010406190057";1;1;7;04
"010406190062";3;2;2;06
"010406190071";1;9;0;10
"010406190102";2;1;1;04
"010406190147";1;1;1;08
"010406190200";5;1;1;09
"010406190281";1;5;3;00
"010406190291";3;1;7;01
"010406190354";3;1;1;04
"010406190400";1;1;1;04
"010406190433";5;1;1;04
"010406190457";4;1;1;04
"010406190471";1;5;2;10
"010406190475";3;1;3;10
"010406190478";1;1;1;07
"010406190539";2;1;1;00
"010406190623";1;1;1;00
"010406190693";2;1;1;04
"010406190695";2;1;1;00
"010406190707";1;9;1;08
"010406190724";3;1;7;04
"010406190735";1;9;0;00
"010406190736";1;1;1;00
"010406190784";3;1;5;10
"010406190788";3;2;7;00
"010406190826";2;1;1;04
"010406190856";1;1;1;04
"010406190931";2;1;1;04
"010406190933";2;1;1;04
"010406190967";3;1;3;10
"010406190990";2;1;1;04
"010406191047";1;1;1;00
"010406191048";3;1;1;04
"010506190031";2;1;1;04
"010506190149";1;1;2;04
"010506190158";1;1;3;10
"010506190172";3;1;5;06
"010506190323";2;0;0;00
"010506190358";3;2;7;04
"010506190385";2;1;3;04
"010506190386";1;1;1;04
"010506190558";2;1;3;10
"010506190595";3;1;1;08
"010506190627";3;2;7;00
"010506190630";5;1;1;10
"010506190696";3;1;3;00
"010506190740";3;2;7;04
"010506190745";3;1;1;04
"010506190818";4;1;1;04
"010506190824";1;1;0;10
"010506190825";2;0;1;04
"010506190872";3;1;1;05
"010506190894";2;1;1;04
"010506190906";2;1;1;04
"010506190919";2;1;1;08
"010606190006";1;0;0;00
"010606190018";1;1;1;09
"010606190053";1;1;1;10
"010606190080";4;1;1;04
"010606190134";3;2;7;10
"010606190154";3;1;5;10
"010606190188";5;1;1;04
"010606190241";3;2;3;10
"010606190285";3;1;3;04
"010606190375";3;1;5;05
"010606190407";5;1;0;00
"010606190412";1;1;1;04
"010606190454";1;1;1;00
"010606190475";1;1;0;00
"010606190588";3;1;3;00
"010606190676";1;1;1;00
"010606190818";2;1;1;04
"010606190879";1;1;0;10
"010606190926";2;1;0;00
"010606190957";2;1;1;00
"010706190106";1;1;1;01
"010706190238";2;1;1;04
"010706190257";3;1;7;10
"010706190290";2;1;1;03
"010706190324";2;1;1;03
"010706190334";1;1;1;04
"010706190386";1;1;1;10
"010706190403";1;1;0;02
"010706190473";1;1;1;00
"010706190476";1;0;1;04
"010706190480";3;1;1;04
"010706190595";2;1;2;06
"010706190688";3;2;3;06
"010706190722";2;1;1;00
"010706190754";3;1;3;10
"010706190768";5;1;1;04
"010706190912";1;1;1;06
"010706190919";1;9;2;00
"010706190933";3;1;6;00
"010706190973";2;1;2;10
"010706191023";1;1;1;00
"010706191095";3;2;5;02
"010706191099";2;1;3;06
"010706191116";2;2;2;10
"010706191187";2;0;0;00
"010706191304";5;1;1;04
"010706191327";1;1;1;04
"010706191455";1;8;1;04
"010706191488";1;9;5;09
"010706191547";3;2;3;10
"010706191566";1;1;3;10
"010706191583";2;1;1;00
"010706191585";5;1;1;07
"010706191599";2;1;1;00
"010706191647";3;2;3;10
"010706191654";2;1;1;04
"010706191687";1;9;1;04
"010706191688";2;1;1;00
"010706191693";2;1;1;04
"010706191697";2;2;1;10
"010706191701";2;1;1;01
"010706191775";1;1;1;04
"010706191791";3;1;1;04
"010806190012";2;1;1;04
"010806190026";2;1;1;04
"010806190090";2;1;1;08
"010806190167";3;1;7;04
"010806190354";3;2;2;04
"010806190358";1;1;1;09
"010806190381";2;1;0;09
"010806190420";1;1;1;00
"010806190445";5;0;0;00
"010806190473";2;1;1;04
"010806190491";1;1;1;00
"010806190518";1;1;3;04
"010806190549";2;1;3;04
"010806190556";2;1;1;04
"010806190631";5;1;1;04
"010806190652";5;1;1;08
"010806190677";3;2;2;10
"010806190763";5;1;1;04
"010806190802";2;1;0;04
"010806190856";2;1;1;04
"010806190857";2;1;1;04
"010806190868";2;1;1;04
"010806190869";1;1;1;04
"010806190890";2;4;2;10
"010806190923";2;9;0;09
"010806190941";5;1;1;09
"011106190057";1;0;0;00
"011106190109";2;1;0;10
"011106190149";2;1;1;10
"011106190229";2;1;0;08
"011106190251";2;0;0;00
"011106190258";2;1;1;04
"011106190262";3;2;2;04
"011106190391";1;1;1;04
"011106190418";3;1;1;04
"011106190427";1;6;3;02
"011106190545";2;1;5;10
"011106190802";2;1;0;00
"011106190806";1;2;3;10
"011106190824";3;1;1;04
"011106190854";2;1;3;10
"011106190936";5;1;1;01
"011106190967";3;1;7;00
"011106191007";1;1;1;00
"011106191009";2;1;1;00
"011106191043";1;1;1;00
"011106191053";1;1;5;05
"011106191157";1;9;0;00
"011106191166";2;1;1;01
"011106191199";2;1;1;04
"011106191209";2;1;1;04
"011106191269";2;5;1;04
"011106191286";2;1;1;01
"011106191375";1;9;0;08
"011106191404";2;1;1;07
"011106191420";2;1;0;04
"011106191526";2;1;1;01
"011106191543";2;1;1;04
"011106191545";1;1;1;01
"011106191563";2;2;2;10
"011106191592";2;1;1;04
"011106191595";2;1;1;06
"011106191620";1;1;1;00
"011106191627";1;9;0;10
"011206190019";2;1;1;01
"011206190066";1;1;7;06
"011206190069";2;1;1;10
"011206190083";2;1;1;04
"011206190176";1;1;1;04
"011206190181";2;1;1;00
"011206190188";1;1;1;04
"011206190217";1;9;0;00
"011206190437";1;1;1;00
"011206190458";2;1;1;00
"011206190517";2;1;1;00
"011206190546";2;1;1;00
"011206190710";2;1;1;00
"011206190713";2;9;1;07
"011206190785";1;1;1;00
"011406190026";1;9;0;00
"011406190027";2;1;4;10
"011406190047";1;0;6;10
"011406190092";3;1;1;04
"011406190208";3;0;1;04
"011406190210";3;1;3;10
"011406190224";3;1;5;05
"011406190225";3;1;1;05
"011406190284";5;1;0;00
"011406190302";3;1;1;04
"011406190349";4;1;1;03
"011406190351";3;1;1;10
"011406190373";3;1;5;10
"011406190503";1;1;1;04
"011406190535";2;1;1;01
"011406190701";1;4;3;10
"011406190784";3;1;3;10
"011406190795";1;1;3;10
"011406190802";2;1;1;00
"011406190817";2;1;1;03
"011406190824";1;9;1;08
"011406190826";1;1;2;10
"011406190846";1;1;1;04
"011406190850";3;1;1;04
"011406190860";1;9;6;09
"011506190036";1;1;1;00
"011506190054";1;2;5;09
"011506190067";2;1;1;04
"011506190071";3;1;2;04
"011506190109";1;9;3;10
"011506190120";1;1;1;01
"011506190145";1;1;6;00
"011506190163";2;1;3;10
"011506190177";3;1;7;04
"011506190193";1;1;0;10
"011506190254";3;2;3;04
"011506190283";2;2;2;10
"011506190291";5;1;1;01
"011506190364";1;1;1;00
"011506190387";2;1;1;00
"011506190399";3;0;1;00
"011506190423";2;0;1;06
"011506190446";2;5;2;00
"011506190489";3;2;0;10
"011506190503";3;0;2;10
"011506190510";1;1;1;04
"011506190553";2;2;1;00
"011506190651";2;1;0;10
"011506190671";5;1;1;07
"011506190679";1;1;1;07
"011506190734";1;1;3;10
"011506190740";5;1;1;00
"011506190756";2;1;1;04
"011506190757";2;1;3;10
"011606190043";3;1;3;04
"011606190045";3;1;7;10
"011606190085";3;1;1;04
"011606190134";3;1;1;04
"011606190204";3;1;7;04
"011606190226";3;1;3;06
"011606190247";2;9;3;10
"011606190273";2;1;3;10
"011606190282";2;1;2;10
"011606190384";5;1;1;00
"011606190450";3;2;2;00
"011606190630";1;0;2;10
"011606190709";3;1;3;05
"011606190716";5;1;1;04
"011606190774";1;1;1;04
"011606190784";1;7;0;00
"011606190808";1;9;0;04
"011606190827";2;1;1;04
"011606190896";1;1;1;08
"011606190903";3;1;1;04
"011606190932";1;1;1;06
"011606190936";3;1;1;04
"011606190940";1;9;2;10
"020106190041";3;1;1;04
"020106190054";1;2;3;06
"020106190069";2;1;1;01
"020106190073";2;1;1;10
"020106190086";1;9;3;02
"020106190109";3;1;1;04
"020106190137";3;1;1;04
"020106190185";3;1;7;04
"020106190205";2;1;1;00
"020106190208";3;2;3;04
"020106190213";2;5;6;10
"020106190280";1;1;1;00
"020106190303";5;0;0;00
"020106190305";1;1;1;00
"020106190322";3;1;0;06
"020106190326";2;5;1;04
"020106190328";3;1;4;04
"020106190344";1;9;3;10
"020106190411";1;4;1;04
"020106190419";3;1;1;10
"020106190421";3;1;1;04
"020106190424";1;9;0;00
"020106190435";1;1;1;10
"020106190449";5;0;0;00
"020106190455";1;1;1;04
"020106190463";1;1;3;02
"020106190474";2;1;3;02
"020106190583";3;1;3;10
"020106190585";3;1;1;08
"020106190592";2;1;1;04
"020106190599";2;1;1;04
"020106190603";1;1;3;09
"020106190617";2;1;1;04
"020106190651";1;1;1;10
"020106190664";2;1;1;04
"020106190751";1;5;1;04
"020106190776";1;0;0;00
"020106190819";1;0;0;00
"020106190880";2;1;1;04
"020106190893";1;1;1;00
"020106190938";1;1;1;04
"020106190951";2;1;1;06
"020106190962";2;1;1;06
"020106190966";1;1;1;04
"020106190968";2;1;1;08
"020106191001";4;2;5;00
"020106191002";2;1;1;04
"020106191013";1;1;5;10
"020106191067";1;1;1;09
"020106191087";2;1;5;02
"020106191107";1;1;0;00
"020106191151";3;1;1;04
"020106191161";2;1;1;04
"020106191174";1;1;1;04
"020106191195";2;1;1;04
"020106191200";1;1;2;10
"020106191211";2;1;0;02
"020106191215";2;0;0;04
"020106191216";2;1;1;10
"020106191220";1;1;1;04
"020106191227";1;1;1;00
"020106191241";2;1;1;04
"020106191249";5;0;0;00
"020106191259";2;2;5;10
"020206190059";1;1;1;00
"020206190067";1;9;3;09
"020206190091";1;1;1;10
"020206190110";3;0;7;06
"020206190153";1;0;0;04
"020206190220";2;1;1;00
"020206190248";1;1;1;08
"020206190264";2;1;1;00
"020206190278";2;1;1;00
"020206190301";2;1;0;08
"020206190305";2;1;0;08
"020206190354";1;4;5;10
"020206190362";1;9;0;00
"020206190366";3;2;3;06
"020206190379";1;1;1;00
"020206190402";2;1;1;00
"020206190434";2;1;0;06
"020206190442";1;1;1;04
"020206190455";2;2;7;09
"020206190466";3;1;1;08
"020206190488";1;1;1;10
"020206190494";3;2;3;06
"020206190538";1;1;3;10
"020206190561";1;1;1;04
"020306190017";2;1;1;04
"020306190025";2;1;1;01
"020306190043";2;1;0;08
"020306190085";1;0;0;00
"020306190091";3;1;8;06
"020306190115";2;1;1;00
"020306190126";2;1;1;04
"020306190139";2;1;6;09
"020306190175";2;1;0;07
"020306190212";2;1;1;04
"020306190221";3;1;8;10
"020306190244";1;1;0;00
"020306190272";2;1;1;00
"020306190276";3;1;1;01
"020306190331";2;1;1;10
"020306190339";1;1;1;00
"020306190342";1;1;1;07
"020306190356";2;1;1;00
"020306190400";1;1;1;00
"020306190458";3;1;7;04
"020306190491";1;9;3;09
"020306190494";2;1;2;10
"020506190001";2;1;1;04
"020506190005";1;9;1;04
"020506190020";2;1;1;04
"020506190087";3;2;5;04
"020506190095";2;1;1;01
"020506190101";2;1;1;04
"020506190116";3;1;7;10
"020506190138";2;1;1;06
"020506190276";3;1;1;07
"020506190303";2;1;3;10
"020506190319";1;1;1;01
"020506190404";1;1;1;00
"020506190408";5;0;0;00
"020506190412";2;1;1;04
"020506190414";1;0;0;10
"020506190420";1;4;2;10
"020606190027";2;1;1;00
"020606190051";1;9;7;10
"020606190055";2;1;1;04
"020606190073";2;1;0;02
"020606190084";1;1;3;00
"020606190096";3;1;3;04
"020606190155";3;1;1;04
"020606190157";3;2;3;04
"020606190396";1;1;0;08
"020706190139";1;1;1;00
"020706190162";2;1;1;00
"020706190234";3;1;7;00
"020706190244";1;1;1;00
"020706190280";1;0;1;00
"020706190281";2;5;1;00
"020706190324";2;1;0;00
"020706190331";2;2;5;00
"020706190372";3;2;5;10
"020706190464";2;1;2;10
"020706190475";2;0;0;00
"020706190481";3;1;1;04
"020806190027";1;4;1;10
"020806190030";2;1;1;04
"020806190047";1;1;1;10
"020806190074";2;1;1;01
"020806190106";1;1;1;07
"020806190124";1;1;3;04
"020806190134";1;1;1;00
"020806190141";2;1;1;04
"020806190192";2;1;1;00
"020806190220";2;1;0;10
"020806190248";3;1;3;10
"020806190396";1;1;1;04
"020806190397";1;3;1;08
"020806190403";3;1;1;04
"020806190415";1;1;1;10
"020806190451";1;3;1;04
"020806190463";2;1;1;10
"020806190476";3;1;1;04
"020806190547";2;1;1;00
"020806190568";1;1;1;04
"020806190577";1;1;1;04
"020806190579";2;1;3;06
"020806190588";3;1;3;06
"020806190598";2;1;1;04
"020806190619";2;1;1;07
"020806190643";2;4;3;04
"020806190647";1;1;1;01
"020806190649";1;5;1;10
"030041191087";1;1;1;00
"030106190044";2;1;1;00
"030106190063";3;1;8;10
"030106190117";1;9;1;04
"030106190144";1;1;0;09
"030106190187";2;1;1;04
"030106190205";1;4;3;10
"030106190262";1;9;3;10
"030106190331";1;0;0;04
"030106190374";2;1;0;07
"030106190403";3;1;7;10
"030106190453";2;1;0;00
"030106190474";1;9;3;10
"030106190499";1;1;1;03
"030406190002";2;1;1;04
"030406190007";2;1;1;04
"030406190017";2;1;1;00
"030406190046";1;1;1;04
"030406190055";2;1;1;04
"030406190058";1;1;1;10
"030406190066";3;2;3;10
"030406190083";1;1;1;10
"030406190086";1;1;1;00
"030406190087";1;1;1;04
"030406190131";2;1;1;08
"030406190142";2;1;1;07
"030406190170";3;2;3;10
"030406190176";1;1;0;00
"030406190178";1;1;1;08
"030406190214";2;1;7;04
"030406190222";2;1;1;10
"030406190303";2;1;1;00
"030406190349";2;1;1;10
"030406190352";1;9;1;00
"030406190368";2;1;1;09
"030406190391";1;1;3;03
"030406190407";2;1;1;10
"030406190408";1;9;0;00
"030406190414";1;1;1;06
"030406190424";2;1;1;00
"030506190007";1;1;1;07
"030506190018";2;1;1;07
"030506190030";1;1;3;04
"030506190049";3;1;3;10
"030506190050";1;1;2;10
"030506190060";1;2;3;07
"030506190065";2;1;1;04
"030506190068";1;1;3;10
"030506190081";1;1;0;02
"030506190083";3;1;0;02
"030506190104";2;1;2;10
"030506190113";1;9;0;00
"030506190117";2;1;1;04
"030506190121";3;1;3;00
"030506190130";3;2;2;10
"030506190145";1;1;3;02
"030506190151";5;1;1;00
"030506190157";1;1;1;04
"030506190168";2;9;2;02
"030506190205";3;1;1;10
"030506190211";1;9;0;04
"030506190223";2;1;1;10
"030506190228";3;1;3;00
"030506190247";1;0;5;00
"030506190250";1;1;5;10
"030506190269";3;0;3;06
"030506190278";3;1;1;04
"030506190284";1;2;0;01
"030506190295";2;1;1;01
"030506190315";2;1;1;07
"030506190316";1;1;1;02
"030506190320";1;1;1;10
"030506190329";2;1;1;00
"030506190333";3;1;2;10
"030506190362";2;1;2;10
"030506190392";3;2;3;05
"030506190400";1;0;0;00
"030506190401";2;1;1;04
"030506190407";1;9;0;00
"030506190420";3;1;1;10
"030506190441";3;0;0;10
"030506190528";2;0;0;10
"030506190535";1;2;3;10
"030506190540";3;1;7;04
"030506190571";1;1;3;03
"030506190572";1;1;0;00
"030506190602";1;3;2;10
"030506190603";1;4;1;00
"030506190616";3;1;0;02
"030506190755";1;1;1;00
"030506190766";1;1;1;10
"030506190771";3;1;0;00
"030506190773";2;1;1;01
"030506190809";2;1;1;10
"030506190819";1;9;0;00
"030506190825";1;1;1;08
"030506190834";2;1;1;02
"030506190837";2;1;1;04
"030506190850";1;1;1;01
"030506190862";2;1;1;07
"030506190875";1;9;1;00
"030506190949";3;1;0;04
"030506190955";2;1;3;00
"030506190962";2;1;1;01
"030506190975";2;1;1;07
"030506191010";3;1;7;10
"030506191027";2;1;3;02
"030506191048";1;1;1;00
"030506191057";3;1;1;10
"030506191062";3;1;2;10
"030506191067";1;1;1;03
"030506191084";3;0;0;00
"030506191096";2;1;2;03
"030506191108";1;1;3;02
"030506191109";2;1;0;10
"030506191111";2;0;0;02
"030506191118";2;1;1;07
"030506191134";1;0;3;10
"030506191144";2;1;1;10
"030506191156";3;1;3;00
"030506191159";1;1;1;10
"030506191164";1;1;7;04
"030506191171";2;4;1;04
"030506191190";1;0;0;00
"030506191232";2;1;4;02
"030506191255";5;1;1;04
"030506191265";1;9;2;10
"030506191268";1;1;1;08
"030506191286";2;0;0;00
"030506191294";2;1;1;04
"030506191295";2;1;1;01
"030506191304";2;0;0;06
"030506191313";1;1;1;00
"030506191319";1;1;2;00
"030506191323";2;1;1;01
"030506191326";2;1;1;01
"030506191366";2;2;3;04
"030506191378";1;0;0;00
"030506191382";5;9;2;10
"030506191395";1;0;0;00
"030506191398";1;0;1;00
"030506191401";1;4;7;03
"030506191409";3;1;3;02
"030506191410";3;1;5;10
"030506191418";3;1;3;10
"030506191427";2;1;3;10
"030506191430";3;1;1;04
"030506191433";1;1;0;00
"030506191438";1;1;1;00
"030806190010";1;1;1;04
"030806190014";2;1;2;00
"030806190065";1;9;3;09
"030806190167";2;1;0;00
"030806190201";1;1;1;06
"030806190252";2;1;1;04
"030806190254";2;1;1;00
"030806190270";1;0;2;00
"031006190040";3;1;2;05
"031006190075";3;1;1;04
"031006190078";1;0;6;08
"031006190081";2;2;5;00
"031006190087";5;1;1;10
"031006190089";3;1;7;10
"031006190097";2;1;3;07
"031006190166";3;2;3;05
"031006190196";1;4;2;10
"031006190222";2;1;1;00
"031006190269";1;1;0;00
"031006190327";2;1;1;00
"031006190432";1;0;0;10
"031006190439";3;1;1;00
"031106190032";3;1;1;04
"031106190047";2;1;1;10
"031106190086";2;7;1;08
"031106190100";2;1;1;04
"031106190114";2;9;3;00
"031106190182";1;1;6;00
"031106190233";3;1;3;10
"031106190273";3;1;1;00
"031106190284";2;1;2;10
"031106190285";3;1;6;00
"031106190411";2;1;1;00
"031106190433";3;2;3;10
"031106190533";2;0;0;00
"031106190535";2;1;1;04
"031106190555";3;2;7;00
"031106190556";1;1;1;08
"031106190573";1;0;0;03
"031106190591";1;1;2;00
"031106190595";1;1;1;04
"031106190614";1;9;5;07
"031106190632";1;1;3;06
"031106190652";1;0;0;00
"031106190665";2;1;0;04
"031106190666";5;1;1;01
"031106190677";1;1;1;00
"031106190684";2;1;3;10
"031106190693";1;9;3;10
"031106190695";1;9;3;10
"031106190706";1;1;1;04
"031106190722";2;1;1;04
"040040190112";1;2;2;00
"040206190067";1;1;1;10
"040206190083";2;1;1;04
"040206190092";1;1;1;06
"040206190115";2;1;1;04
"040206190158";2;1;1;08
"040206190170";5;0;0;00
"040206190175";1;1;0;08
"040206190180";2;1;0;07
"040206190327";2;1;1;04
"040206190362";3;2;5;04
"040206190484";3;2;3;10
"040206190521";1;1;1;04
"040206190522";3;2;5;10
"040206190580";3;1;3;02
"040206190643";3;2;3;06
"040206190646";3;1;5;10
"040206190670";2;9;0;09
"040206190710";1;1;3;04
"040206190716";3;1;3;10
"040206190751";2;1;1;04
"040206190771";2;1;0;04
"040206190772";2;1;1;01
"040206190805";2;0;7;08
"040206190849";3;2;2;06
"040206190853";2;7;3;00
"040206190867";2;1;1;00
"040206190899";3;2;3;10
"040206190994";2;1;1;07
"040206191017";2;1;1;07
"040206191020";1;1;1;00
"040206191035";3;2;7;10
"040206191046";2;1;1;00
"040206191199";4;0;0;00
"040206191209";5;0;0;00
"040206191213";5;0;0;00
"040206191236";2;1;1;04
"040206191260";2;1;1;08
"040206191284";2;1;1;00
"040206191332";1;9;2;00
"040206191390";5;0;0;00
"040206191391";2;1;1;03
"040206191399";3;1;2;10
"040206191477";3;1;1;04
"040206191510";2;1;1;03
"040206191566";1;0;0;07
"040206191594";1;1;2;10
"040306190004";5;0;0;00
"040306190025";3;1;1;04
"040306190031";2;1;2;10
"040306190057";1;1;1;06
"040306190063";2;1;1;08
"040306190075";1;1;1;04
"040306190087";1;1;1;04
"040306190097";2;7;7;08
"040306190112";5;0;0;00
"040306190158";1;9;3;10
"040306190177";2;1;1;04
"040306190193";2;1;7;10
"040306190265";2;1;0;10
"040306190269";3;1;3;10
"040306190272";1;1;1;00
"040306190291";1;9;1;10
"040306190345";1;1;1;10
"040306190366";1;2;3;10
"040306190407";2;1;1;00
"040306190510";2;1;1;04
"040306190577";1;1;7;10
"040306190637";2;1;7;04
"040306190690";2;1;1;07
"040306190708";1;1;1;00
"040306190739";3;2;3;06
"040306190849";1;1;1;08
"040306190854";2;1;1;04
"040306190863";3;2;5;00
"040306190877";1;1;0;00
"040306190898";1;1;0;10
"040306190960";3;2;2;10
"040306190962";2;1;1;08
"040306190979";3;1;2;10
"040306191071";2;1;1;04
"040306191076";1;9;1;07
"040306191102";1;1;3;10
"040306191219";3;1;1;04
"040306191234";1;1;1;00
"040306191253";1;4;1;00
"040306191260";3;1;1;04
"040306191265";2;1;1;04
"040306191267";3;1;1;04
"040306191293";2;1;1;00
"040306191321";1;9;6;00
"040306191352";2;1;1;00
"040306191403";3;1;1;00
"040306191447";1;4;1;04
"040606190046";3;1;1;07
"040606190164";3;2;2;00
"040606190172";5;0;0;00
"040606190194";1;1;1;08
"040606190300";1;0;0;09
"040606190385";2;1;1;10
"040606190419";2;1;1;04
"040606190424";5;0;0;00
"040606190458";3;2;3;10
"040606190508";3;2;3;10
"040606190520";2;1;1;04
"040606190540";1;0;0;04
"040606190603";2;1;1;04
"040606190628";1;1;1;04
"040606190666";2;1;1;04
"040606190695";1;1;1;04
"040606190790";2;1;1;08
"040606190838";2;1;1;00
"040606190928";2;1;1;00
"040606191000";1;1;1;00
"040606191037";2;1;3;02
"040606191078";1;1;1;07
"040606191091";2;1;0;04
"040606191118";3;0;2;04
"040606191145";2;1;1;00
"040606191223";2;1;3;10
"040606191233";3;1;7;04
"040606191246";1;1;1;10
"040606191308";1;0;0;00
"040606191358";2;1;1;04
"040606191389";3;1;1;04
"040606191391";1;1;1;04
"040606191448";2;1;1;04
"040606191482";2;1;1;04
"040706190114";5;0;0;04
"040706190145";1;2;3;10
"040706190212";3;2;6;10
"040706190241";1;1;1;04
"040706190246";1;1;3;00
"040706190340";2;1;1;04
"040706190390";1;1;2;04
"040706190507";5;0;0;00
"040706190574";1;9;5;06
"040706190666";1;1;1;04
"040706190714";5;0;0;00
"040706190716";5;0;0;00
"040706190799";2;1;1;04
"040706190829";1;7;1;10
"040706190832";3;1;3;10
"040706190901";2;2;3;06
"040706190931";1;1;1;08
"040706191047";3;2;3;06
"040706191082";3;2;3;10
"040706191104";3;2;3;10
"040706191169";2;0;1;04
"040706191278";5;0;0;00
"040706191378";1;1;3;06
"040706191398";3;1;1;00
"040706191430";1;1;1;00
"040706191521";1;1;1;10
"040806190002";2;1;1;04
"040806190031";2;1;1;04
"040806190037";5;0;0;00
"040806190079";1;9;0;04
"040806190084";2;1;0;04
"040806190095";3;2;7;04
"040806190178";1;1;1;04
"040806190193";1;1;0;00
"040806190207";2;1;2;10
"040806190220";2;4;1;01
"040806190255";3;1;1;04
"040806190283";3;1;0;00
"040806190321";3;1;3;00
"040806190352";2;1;3;10
"040806190370";3;2;3;10
"040806190377";5;0;0;00
"040806190414";1;1;0;10
"040806190447";2;1;1;06
"040806190463";3;0;0;04
"040806190491";2;1;3;00
"040806190518";2;2;2;10
"040806190564";3;0;3;04
"040806190577";1;1;1;04
"040806190639";3;1;7;10
"040806190647";3;1;3;10
"040806190655";1;1;1;08
"040806190749";3;2;3;10
"040806190807";2;1;1;04
"040806190822";3;1;1;04
"040806190829";2;1;1;04
"040806190841";3;0;3;06
"040806190899";1;1;1;08
"040806190958";1;1;1;04
"040806190998";1;4;1;00
"040806191004";2;1;1;09
"040806191020";1;4;1;04
"040806191032";2;4;0;04
"040806191077";1;1;0;10
"040806191083";3;1;5;10
"040806191143";3;0;1;04
"040806191164";2;0;1;00
"040806191179";1;1;1;04
"040806191181";2;1;1;04
"040906190019";1;1;1;09
"040906190085";5;0;0;00
"040906190088";2;1;0;00
"040906190092";1;9;2;10
"040906190195";2;0;0;10
"040906190283";1;1;1;04
"040906190313";2;1;1;05
"040906190333";2;1;1;04
"040906190347";3;1;3;06
"040906190361";1;1;1;04
"040906190362";3;1;1;04
"040906190376";3;2;8;00
"040906190379";1;1;1;10
"040906190400";2;1;1;04
"040906190423";5;0;0;00
"040906190454";2;1;1;01
"040906190516";3;1;2;04
"040906190546";3;2;3;10
"040906190551";3;1;3;05
"040906190607";1;1;7;03
"040906190634";1;1;0;00
"040906190646";3;1;1;00
"040906190674";3;2;2;06
"040906190739";3;2;3;10
"040906190769";3;1;3;06
"040906190804";5;0;0;00
"040906190851";1;2;2;00
"040906190860";2;1;1;01
"040906190914";2;0;1;04
"040906190941";1;1;1;07
"040906190993";2;0;0;04
"040906191069";3;2;3;10
"040906191086";2;1;1;07
"040906191087";3;2;5;02
"040906191110";1;1;1;04
"040906191131";1;2;3;10
"040906191175";3;1;1;04
"040906191220";3;1;1;04
"040906191225";1;1;1;04
"040906191232";5;0;0;00
"040906191234";5;0;0;00
"040906191236";3;2;3;05
"040906191254";3;1;1;04
"040906191259";2;1;3;10
"040906191265";2;1;1;04
"040906191352";1;9;0;00
"040906191361";3;1;1;04
"040906191447";5;0;0;00
"041006190034";2;2;0;10
"041006190043";2;1;1;04
"041006190060";1;1;1;04
"041006190085";2;1;1;04
"041006190161";3;1;2;03
"041006190163";1;1;1;04
"041006190186";2;1;1;04
"041006190254";1;1;1;04
"041006190276";1;1;1;04
"041006190278";2;2;0;06
"041006190317";2;9;1;07
"041006190328";2;1;1;04
"041006190337";2;1;0;10
"041006190360";4;0;0;00
"041006190399";1;1;1;08
"041006190438";3;2;7;10
"041006190458";3;1;3;10
"041006190493";3;1;1;04
"041006190551";3;2;3;10
"041006190604";3;2;5;06
"041006190615";3;2;3;10
"041006190657";3;2;7;10
"041006190682";2;1;1;04
"041006190739";3;1;1;04
"041006190752";1;1;1;00
"041006190822";5;0;0;00
"041006190830";1;1;1;00
"041006190840";1;1;1;08
"041006190844";1;2;2;04
"041006190848";2;1;2;04
"041006190856";1;1;1;04
"041006190894";3;1;3;04
"041006190908";3;2;3;10
"041006190919";3;2;3;04
"041006190947";2;1;1;03
"041006190969";2;0;3;10
"041006191016";3;2;2;00
"041006191037";1;2;2;04
"041006191069";1;1;5;00
"041006191072";4;0;0;00
"041006191092";1;9;2;04
"041006191135";5;0;0;00
"041006191174";2;1;0;00
"041006191192";3;1;3;10
"041006191239";3;1;2;04
"041006191241";1;1;2;10
"041006191389";3;2;7;06
"041006191390";1;1;1;04
"041006191405";3;1;1;04
"041006191411";1;1;3;10
"041006191435";2;1;1;04
"041006191487";1;1;1;00
"041006191498";1;1;0;10
"041006191522";1;9;7;10
"041006191537";4;0;0;00
"041006191564";1;1;2;10
"041006191576";2;1;0;00
"041006191596";5;0;0;00
"041006191703";1;0;0;10
"041006191704";2;1;1;10
"041006191762";2;0;3;10
"041006191832";1;2;7;03
"041006191837";1;1;1;04
"041006191843";1;9;2;10
"041006191852";2;1;1;00
"041006191886";1;1;1;00
"041006191909";1;1;2;10
"041006191931";2;1;1;04
"041006191989";3;1;3;06
"050206190003";2;1;2;10
"050206190007";2;1;1;06
"050206190026";2;1;1;10
"050206190039";3;1;1;04
"050206190043";2;9;1;00
"050206190101";2;1;1;08
"050206190115";2;9;3;10
"050206190124";3;2;3;10
"050206190208";2;3;3;10
"050206190243";1;1;1;00
"050206190257";5;0;0;00
"050206190261";3;1;3;05
"050206190288";2;1;0;10
"050206190293";1;1;1;00
"050206190329";3;1;1;04
"050206190350";1;1;1;04
"050206190365";1;0;7;00
"050206190389";1;1;1;04
"050206190526";2;1;0;00
"050206190532";1;9;1;08
"050206190579";3;1;3;10
"050206190611";1;1;1;00
"050206190612";1;9;0;09
"050206190645";1;9;5;00
"050206190688";2;1;1;04
"050206190689";2;1;1;01
"050206190764";2;1;3;10
"050206190789";1;1;5;00
"050206190908";2;1;1;07
"050206190911";5;0;0;00
"050206190946";2;1;1;04
"050206191107";2;1;1;10
"050206191148";3;2;0;00
"050206191219";1;1;3;10
"050206191244";1;0;0;00
"050206191293";2;9;0;08
"050206191472";2;1;1;04
"050206191532";3;2;3;10
"050206191548";2;1;1;04
"050206191557";1;1;1;04
"050206191582";3;1;1;04
"050206191647";5;0;0;00
"050206191668";2;1;2;10
"050206191684";2;1;2;00
"050206191706";1;9;3;02
"050406190001";3;1;5;00
"050406190011";1;9;0;07
"050406190030";4;1;1;04
"050406190042";1;1;1;10
"050406190048";1;0;1;10
"050406190080";5;0;0;00
"050406190255";2;1;1;06
"050406190354";1;4;7;03
"050406190385";2;1;6;04
"050406190389";1;1;3;10
"050406190459";3;1;3;10
"050406190466";1;4;1;08
"050406190493";3;1;3;03
"050406190502";2;5;1;10
"050406190514";3;1;1;04
"050406190636";1;9;7;04
"050406190700";1;1;3;10
"050406190716";2;1;1;06
"050406190717";1;4;1;04
"050406190726";1;1;1;04
"050406190737";1;1;1;06
"050406190743";3;1;1;04
"050406190776";2;1;1;04
"050506190053";3;2;6;00
"050506190066";2;1;1;08
"050506190070";1;1;1;04
"050506190076";1;1;3;10
"050506190084";3;1;1;04
"050506190124";1;1;0;10
"050506190131";2;0;0;04
"050506190139";3;1;7;05
"050506190168";3;1;0;00
"050506190178";1;1;1;10
"050506190249";3;2;0;06
"050506190284";2;0;1;06
"050506190317";2;1;2;04
"050506190347";2;1;1;00
"050506190351";1;1;1;00
"050506190376";2;1;1;10
"050506190401";1;9;1;00
"050506190409";1;1;1;08
"050506190424";2;1;1;10
"050506190473";1;1;1;10
"050506190528";3;1;3;10
"050506190562";2;1;3;10
"050506190603";2;1;1;04
"050506190645";2;1;1;04
"050506190656";3;1;1;04
"050506190661";1;1;1;04
"050506190670";2;1;1;04
"050506190691";1;1;2;10
"050506190726";1;1;1;08
"050506190746";2;1;1;04
"050506190758";3;1;3;06
"050506190763";2;0;3;10
"050506190766";2;1;1;08
"050506190790";1;0;0;00
"050506190797";2;1;1;08
"050506190801";3;1;1;10
"050506190803";2;1;1;04
"050506190820";1;1;3;00
"050506190838";1;9;0;00
"050706190030";3;2;3;05
"050706190070";2;1;1;08
"050706190075";2;1;1;04
"050706190099";3;1;3;10
"050706190166";2;1;0;10
"050706190200";1;1;0;07
"050706190270";1;9;0;00
"050706190334";3;2;3;06
"050706190373";3;1;3;00
"050706190415";2;1;0;00
"050706190447";2;9;3;10
"050706190481";5;0;0;00
"050706190491";1;1;1;04
"050706190577";3;1;3;06
"050706190582";1;9;3;00
"050706190614";1;1;1;01
"050706190618";1;1;3;10
"050706190632";1;0;0;00
"051006190014";3;1;1;08
"051006190039";2;1;1;08
"051006190046";3;1;1;04
"051006190057";1;1;2;10
"051006190074";3;1;1;04
"051006190103";3;1;1;00
"051006190104";1;1;0;09
"051006190151";2;1;1;04
"051006190215";2;1;1;04
"051006190216";2;1;2;04
"051006190254";3;1;1;08
"051006190257";2;2;7;04
"051006190262";3;1;2;04
"051006190305";2;0;1;04
"051006190469";3;0;0;00
"051006190522";1;1;1;04
"051006190526";5;0;0;00
"051006190536";1;1;1;07
"051006190548";2;1;1;00
"051006190559";1;1;0;10
"051006190560";2;1;1;08
"051006190572";2;1;1;04
"051006190686";1;1;1;04
"051006190755";2;1;1;04
"051006190787";2;1;3;00
"051006190798";2;1;7;10
"051006190866";2;1;1;04
"051006190869";2;5;2;10
"051006190880";3;2;7;10
"051006190898";2;1;1;04
"051006190905";3;1;1;04
"051006190923";3;0;3;10
"051006190938";1;1;1;04
"051006190962";2;1;1;04
"051006190967";3;1;1;04
"051006190981";3;1;1;04
"051006191003";2;1;1;04
"051006191010";2;1;1;04
"051006191036";3;2;3;05
"051006191090";2;1;1;04
"051006191093";3;1;1;04
"051006191097";1;4;3;06
"060040190028";1;1;1;00
"060043193008";5;0;0;00
"060043193090";5;0;0;00
"060043193093";1;0;0;00
"060045195001";1;1;3;04
"060045195036";1;0;1;00
"060045195066";1;1;1;00
"060045195086";2;4;3;10
"060045195087";3;1;3;00
"060045195104";2;1;7;00
"060106190017";2;1;1;10
"060106190030";3;2;7;10
"060106190040";1;1;3;04
"060106190054";1;9;3;10
"060106190070";1;1;1;04
"060106190081";3;2;2;04
"060106190099";2;1;1;04
"060106190123";2;0;0;00
"060106190125";2;1;1;04
"060106190151";2;1;1;04
"060106190164";3;1;2;04
"060106190175";1;9;7;00
"060106190204";2;5;5;10
"060106190231";2;1;1;04
"060106190244";1;1;1;04
"060106190259";2;1;1;00
"060106190268";1;9;3;10
"060106190301";5;0;0;00
"060106190315";3;1;2;10
"060106190383";2;1;1;10
"060106190404";3;1;3;10
"060106190452";1;1;1;07
"060106190470";1;1;1;04
"060106190487";2;9;2;10
"060106190489";1;9;0;08
"060106190506";3;2;7;05
"060106190521";1;1;1;04
"060106190567";2;1;1;04
"060106190637";2;9;1;04
"060106190649";5;0;0;00
"060106190652";3;2;7;04
"060106190655";1;9;0;00
"060106190662";1;1;1;00
"060206190026";2;1;1;01
"060206190049";2;1;1;04
"060206190090";2;1;1;04
"060206190092";1;1;6;00
"060206190096";1;1;1;04
"060206190109";3;2;3;10
"060206190143";1;0;1;04
"060206190147";1;1;1;04
"060206190169";2;1;1;01
"060206190183";2;9;3;10
"060206190211";3;2;3;10
"060206190218";1;9;3;10
"060206190223";5;0;0;00
"060206190256";1;1;1;04
"060206190278";1;1;1;04
"060206190289";2;1;1;10
"060206190291";2;1;1;00
"060206190302";2;1;1;07
"060206190330";1;9;1;01
"060206190345";2;0;1;04
"060206190363";1;1;1;04
"060206190379";1;9;0;03
"060206190391";2;1;1;00
"060206190406";3;1;1;10
"060206190418";2;5;6;00
"060206190442";2;1;1;04
"060206190482";3;1;3;06
"060206190498";2;1;3;04
"060206190503";1;2;1;04
"060206190505";3;2;3;02
"060206190510";5;0;0;00
"060206190515";2;0;0;00
"060206190519";1;0;7;00
"060206190536";1;1;1;07
"060206190551";2;1;1;04
"060206190621";1;1;3;04
"060206190627";2;1;1;04
"060206190632";3;2;3;00
"060206190669";1;9;7;00
"060206190673";2;1;0;02
"060206190678";2;1;1;01
"060206190684";1;1;1;00
"060206190696";1;1;1;01
"060206190718";2;1;1;01
"060206190739";2;0;1;04
"060206190748";3;1;1;04
"060206190754";1;1;1;04
"060206190755";1;2;2;03
"060206190769";5;0;0;00
"060206190779";2;4;4;00
"060206190807";2;1;1;00
"060206190821";2;1;1;04
"060206190825";2;2;6;09
"060206190831";3;1;1;07
"060206190847";1;1;7;03
"060206190848";1;9;3;10
"060206190866";2;1;3;05
"060206190870";1;1;1;04
"060206190885";2;0;0;01
"060206190887";2;1;1;07
"060206190893";3;1;3;06
"060206190897";1;3;7;06
"060206190898";1;2;7;00
"060206190906";1;1;1;04
"060206190919";1;9;1;04
"060206190927";1;1;1;10
"060206190931";2;1;1;10
"060206190937";2;1;1;04
"060206190949";2;1;3;06
"060206190950";2;1;1;07
"060206190952";1;9;2;02
"060206190990";2;1;4;10
"060206191018";1;4;1;01
"060206191050";2;1;1;04
"060206191059";2;1;1;04
"060206191063";3;1;7;05
"060206191073";1;9;4;02
"060206191091";5;1;1;07
"060206191107";1;1;3;02
"060206191125";5;0;0;00
"060206191138";3;1;1;04
"060206191160";3;1;3;06
"060206191170";1;1;1;07
"060206191210";2;1;1;01
"060206191215";2;2;4;02
"060206191216";2;1;1;08
"060206191217";2;1;1;04
"060206191218";1;1;2;10
"060206191220";1;1;3;10
"060206191226";2;1;1;07
"060206191236";3;1;1;04
"060206191249";3;2;5;02
"060206191252";2;1;1;03
"060206191258";3;1;3;04
"060206191267";2;1;1;01
"060206191286";2;2;6;00
"060206191290";2;2;2;10
"060206191307";3;1;3;04
"060206191312";1;1;1;04
"060206191339";3;2;3;06
"060206191355";2;2;2;10
"060206191368";1;1;1;00
"060206191373";2;1;4;00
"060206191421";3;2;2;00
"060206191434";1;1;1;04
"060206191464";1;9;2;10
"060206191477";5;0;0;00
"060206191480";1;1;5;04
"060206191488";2;1;1;04
"060206191500";3;1;7;00
"060206191521";1;0;7;10
"060206191546";2;1;1;04
"060206191580";3;1;0;04
"060206191587";1;1;0;10
"060206191608";3;1;3;04
"060206191618";3;1;8;00
"060206191655";1;1;5;04
"060206191692";3;2;3;10
"060206191733";3;0;0;10
"060206191737";1;9;7;00
"060206191775";1;2;3;10
"060206191779";3;1;6;00
"060206191786";3;1;0;04
"060206191800";1;1;1;01
"060206191805";2;1;1;06
"060206191813";1;1;3;05
"060206191849";1;1;1;04
"060206191871";1;8;3;02
"060206191876";1;1;1;07
"060206191878";2;1;1;04
"060206191880";2;1;1;07
"060206191902";5;0;0;00
"060206191909";5;0;0;00
"060206191923";1;1;1;04
"060206191964";3;2;4;05
"060206191967";1;1;1;00
"060206191991";5;0;0;00
"060206192003";2;1;1;04
"060206192004";1;1;1;04
"060206192011";5;0;0;00
"060206192068";1;1;0;00
"060206192082";5;0;0;00
"060206192083";5;0;0;00
"060206192099";2;2;3;10
"060206192101";1;9;7;10
"060206192112";1;1;1;04
"060206192117";2;1;1;04
"060206192127";1;1;0;01
"060206192147";3;2;4;00
"060206192148";2;1;7;10
"060206192150";2;2;2;10
"060206192160";1;1;1;04
"060206192166";2;1;1;04
"060206192177";2;2;3;04
"060206192184";1;1;1;07
"060206192190";3;1;0;05
"060206192197";2;1;1;04
"060206192218";1;9;0;00
"060206192230";2;2;0;10
"060206192252";2;1;1;04
"060206192268";1;1;1;04
"060206192279";2;1;1;04
"060206192283";1;1;3;06
"060206192291";3;1;1;04
"060206192295";2;2;0;10
"060206192302";1;2;3;05
"060206192307";3;0;0;10
"060206192311";1;9;0;00
"060206192314";1;1;1;04
"060206192351";2;1;1;02
"060206192357";1;1;0;09
"060206192362";2;1;1;07
"060206192364";2;1;1;04
"060206192366";2;1;1;04
"060206192368";1;1;1;04
"060206192374";1;1;1;04
"060206192375";1;1;1;01
"060206192385";2;1;4;05
"060206192416";3;1;3;06
"060206192427";2;1;1;04
"060206192435";2;1;1;04
"060206192437";5;0;0;00
"060206192442";1;1;1;01
"060206192445";2;0;0;01
"060206192492";3;1;3;04
"060206192506";1;1;1;04
"060206192513";2;1;1;01
"060206192532";2;1;1;04
"060206192539";3;1;3;10
"060206192542";2;1;1;07
"060206192570";3;1;1;04
"060206192573";1;1;1;00
"060206192576";1;9;5;00
"060206192579";1;1;1;01
"060206192584";2;1;1;04
"060206192600";1;1;0;10
"060206192608";1;1;1;00
"060206192612";1;1;4;00
"060206192614";2;1;1;00
"060206192644";2;5;1;00
"060206192663";1;9;2;04
"060206192665";1;9;5;10
"060206192671";3;2;5;10
"060206192682";2;1;1;04
"060206192684";1;1;3;01
"060206192685";5;0;0;00
"060206192690";1;1;1;04
"060206192712";1;1;1;10
"060306190024";2;1;1;04
"060306190061";3;1;1;00
"060306190089";3;1;3;10
"060306190113";1;0;0;00
"060306190125";1;9;7;00
"060306190173";1;1;0;10
"060306190186";1;9;3;10
"060306190187";1;4;2;10
"060306190219";3;1;3;10
"060306190234";5;0;0;00
"060306190251";2;1;1;03
"060306190312";3;1;0;00
"060306190441";2;1;1;00
"060306190466";1;8;3;03
"060306190486";1;9;0;00
"060306190520";2;1;0;07
"060306190534";3;1;3;10
"060306190599";1;9;3;10
"060306190616";3;1;1;04
"060306190643";3;1;8;06
"060306190673";2;1;1;04
"060306190680";2;1;1;04
"060306190750";2;1;1;00
"060306190795";5;0;0;00
"060306190798";2;7;7;04
"060306190824";3;2;2;10
"060306190935";3;1;3;10
"060306190938";2;1;1;08
"060306190997";1;4;0;00
"060306191021";2;9;0;00
"060306191070";3;1;1;00
"060306191080";1;1;5;00
"060306191130";2;2;5;00
"060306191132";3;2;3;00
"060306191216";2;1;3;10
"060306191227";5;0;0;00
"060306191243";2;1;1;09
"060306191245";2;1;1;10
"060306191288";2;7;0;00
"060306191292";2;1;3;06
"060306191423";2;1;2;00
"060306191433";5;0;0;00
"060306191463";2;1;1;04
"060406190028";3;1;7;10
"060406190073";3;1;1;07
"060406190085";1;9;3;10
"060406190093";1;1;1;04
"060406190095";5;0;0;00
"060406190098";1;1;2;04
"060406190104";5;0;0;00
"060406190117";1;9;0;00
"060406190171";1;9;0;09
"060406190189";2;1;1;10
"060406190242";1;1;0;00
"060406190393";3;2;3;06
"060406190405";1;0;0;00
"060406190431";1;4;1;08
"060406190444";2;0;3;10
"060406190476";2;5;1;00
"060406190491";5;0;0;00
"060406190546";1;9;0;09
"060406190626";2;1;1;04
"060406190634";1;1;1;07
"060406190635";3;2;3;00
"060406190643";2;1;1;07
"060406190648";1;1;1;04
"060406190662";3;1;2;04
"060406190677";2;1;1;08
"060606190027";3;2;2;10
"060606190050";2;1;1;04
"060606190056";1;1;1;00
"060606190076";3;2;7;10
"060606190090";3;2;3;00
"060606190132";2;1;1;08
"060606190134";3;2;3;10
"060606190139";3;2;2;00
"060606190158";5;0;0;00
"060606190161";1;9;1;00
"060606190183";1;1;1;00
"060606190192";3;1;1;04
"060606190210";1;0;2;04
"060606190226";1;5;1;04
"060606190240";3;1;2;10
"060606190250";2;1;1;04
"060606190269";1;2;5;04
"060606190283";4;0;0;00
"060606190295";1;9;6;09
"060606190343";2;1;1;06
"060606190351";2;1;1;04
"060606190352";4;0;0;00
"060606190359";2;8;5;00
"060606190366";2;1;0;00
"060606190436";1;1;7;10
"060606190450";2;1;1;04
"060606190486";2;1;0;00
"060606190546";1;1;0;00
"060606190561";5;0;0;00
"060606190620";2;7;1;04
"060606190625";1;1;1;09
"060606190706";1;9;1;04
"060606190707";1;9;0;00
"060606190744";1;1;1;04
"060606190745";3;8;7;10
"060606190754";1;0;0;08
"060606190764";2;9;5;10
"060606190797";3;1;3;10
"060606190870";2;2;2;10
"061206190093";3;2;3;04
"061206190095";3;2;3;06
"061206190105";2;1;1;05
"061206190146";1;1;1;00
"061206190155";1;1;1;04
"061206190222";3;1;3;10
"061206190304";1;5;0;02
"061206190327";3;2;7;04
"061206190357";1;2;2;10
"061206190359";2;1;1;00
"061206190369";1;9;1;04
"061206190432";3;1;7;04
"061206190443";2;1;0;04
"061206190468";1;1;2;10
"061306190014";2;1;1;00
"061306190042";1;9;0;00
"061306190069";3;0;0;04
"061306190075";3;1;2;04
"061306190077";2;9;3;10
"061306190105";3;1;1;04
"061306190119";1;0;0;00
"061306190122";2;0;0;00
"061306190151";1;0;0;09
"061306190152";1;1;1;04
"061306190177";3;7;0;10
"061306190191";1;1;0;00
"061306190214";1;9;1;09
"061306190228";5;0;0;00
"061306190231";2;1;1;04
"061306190233";1;9;0;08
"061306190241";1;1;1;04
"061306190259";1;9;0;08
"061306190282";2;1;1;00
"061306190287";1;9;6;00
"061306190292";2;1;1;10
"061306190324";1;2;3;10
"061306190327";1;9;7;10
"061306190370";3;2;0;05
"061306190371";3;2;3;04
"061306190374";2;1;1;10
"061306190385";1;1;1;10
"061306190403";1;1;1;07
"061306190424";3;2;3;10
"061306190430";1;9;1;04
"061306190446";3;1;1;04
"061306190461";3;1;3;05
"061306190468";2;1;1;07
"061306190470";1;1;1;01
"061306190472";2;1;1;10
"061306190474";2;1;1;00
"061306190501";3;1;1;04
"061306190513";1;1;1;04
"061306190515";1;1;1;04
"061306190520";5;0;0;00
"070041191083";1;0;0;00
"070106190001";1;9;1;08
"070106190026";1;1;3;10
"070106190049";2;1;2;10
"070106190064";3;2;5;03
"070106190091";1;1;1;04
"070106190144";2;1;1;04
"070106190146";1;4;1;08
"070106190184";1;1;0;00
"070106190198";1;1;0;00
"070106190208";2;1;1;00
"070106190258";1;2;5;04
"070106190262";2;1;6;04
"070106190293";5;0;0;00
"070106190329";1;1;1;00
"070106190366";1;1;6;06
"070106190391";2;1;1;00
"070106190475";2;1;1;04
"070106190530";2;1;1;00
"070106190575";2;1;1;10
"070106190633";1;4;1;04
"070106190660";3;2;3;04
"070106190691";4;0;0;00
"070106190731";1;1;0;00
"070106190867";2;1;1;10
"070106190873";3;1;3;00
"070106190900";2;1;1;04
"070106190925";2;2;3;04
"070106190951";1;1;1;04
"070106190973";2;1;1;04
"070206190011";1;1;1;07
"070206190019";2;1;1;04
"070206190023";2;1;1;04
"070206190056";2;1;1;10
"070206190119";1;9;6;00
"070206190177";3;1;1;04
"070206190199";3;1;8;00
"070206190212";1;1;0;00
"070206190293";1;9;6;10
"070206190349";3;1;3;05
"070206190468";2;1;1;00
"070206190472";5;0;6;00
"070206190493";3;1;1;04
"070206190494";1;2;3;10
"070206190513";2;1;1;08
"070206190546";2;1;1;00
"070206190548";2;1;1;00
"070206190558";4;0;0;00
"070206190560";3;1;1;00
"070206190592";2;1;1;08
"070206190607";3;2;3;10
"070206190636";3;2;2;10
"070206190754";3;1;3;10
"070206190799";1;1;1;10
"070206190861";1;9;1;10
"070206190876";2;4;0;05
"070206190926";2;1;1;00
"070206190946";4;0;0;00
"070206190954";1;2;3;10
"070206191045";2;1;1;07
"070206191074";5;0;0;00
"070206191116";2;1;1;01
"070206191123";1;1;1;01
"070206191138";3;1;1;04
"070206191146";3;0;0;00
"070206191164";1;1;1;04
"070206191178";1;9;1;04
"070206191209";1;1;1;04
"070206191218";2;1;0;00
"070208193074";2;1;1;09
"070208193158";1;9;6;10
"070208193187";5;1;1;04
"070208193190";2;0;0;00
"070208193194";2;1;1;06
"070208193320";1;1;1;04
"070208193330";5;9;1;10
"070208193353";3;2;3;00
"070208193370";1;1;1;07
"070208193384";1;1;3;10
"070208193438";1;1;1;07
"070208193447";1;1;3;10
"070208193451";1;1;1;07
"070208193460";1;9;0;00
"070208193473";1;9;0;10
"070306190038";2;1;1;10
"070306190049";2;1;1;01
"070306190057";2;1;1;04
"070306190071";1;9;7;10
"070306190174";3;1;7;10
"070306190194";2;1;1;00
"070306190198";1;1;1;00
"070306190206";2;1;1;01
"070306190222";5;0;0;00
"070306190247";2;1;1;04
"070306190288";2;1;1;04
"070306190290";5;1;1;07
"070306190296";2;1;1;08
"070306190346";2;1;1;00
"070306190348";3;1;1;04
"070306190406";2;1;2;03
"070306190408";3;1;3;10
"070306190507";1;2;3;10
"070306190539";3;1;1;08
"070306190550";2;1;1;09
"070306190592";2;1;5;00
"070306190620";1;1;1;04
"070306190670";1;0;0;04
"070306190746";1;9;3;00
"070306190762";2;1;2;10
"070306190810";5;1;1;08
"070306190841";1;1;1;08
"070306190857";1;1;0;02
"070306190858";2;1;1;00
"070306190871";1;1;1;04
"070306190881";2;1;1;10
"070306190889";3;1;0;05
"070306190913";1;1;2;10
"070306190915";2;1;1;04
"070306190945";2;1;1;07
"070306190961";1;9;7;04
"070306190962";5;0;0;00
"070306190987";5;1;1;04
"070306191032";2;1;1;10
"070306191057";2;1;1;04
"070306191110";1;1;3;10
"070306191114";3;1;1;04
"070306191121";2;1;1;01
"070306191138";2;1;1;04
"070306191153";3;1;3;10
"070306191188";1;2;0;06
"070306191240";5;1;1;07
"070306191257";1;9;1;04
"070306191259";1;4;1;04
"070306191260";2;1;1;04
"070306191268";2;1;1;01
"070306191276";1;1;1;00
"070306191315";1;9;1;10
"070306191325";1;1;1;00
"070306191334";1;1;1;00
"070306191340";2;1;1;07
"070306191341";1;1;1;01
"070306191370";5;1;1;04
"070306191380";3;1;3;04
"070306191450";2;1;1;10
"070406190023";1;1;1;04
"070406190033";4;1;1;04
"070406190086";3;1;1;04
"070406190196";2;1;1;04
"070406190214";3;1;8;10
"070406190275";2;1;1;08
"070406190292";2;1;1;07
"070406190330";1;9;2;10
"070406190502";5;0;0;00
"070406190586";1;4;0;10
"070406190605";3;2;7;04
"070406190831";3;1;3;10
"070406190839";2;1;1;00
"070406190858";2;1;1;06
"070406191017";3;1;1;04
"070406191021";2;9;1;10
"070406191058";3;1;1;04
"070406191108";2;1;1;09
"070406191109";2;1;0;04
"070406191120";3;1;1;00
"070406191123";1;0;3;10
"070406191131";1;1;1;08
"070406191159";5;0;0;00
"070406191247";1;1;1;00
"070406191297";1;5;0;10
"070406191324";1;9;4;04
"070606190043";2;9;0;07
"070606190048";3;1;1;04
"070606190072";5;0;0;00
"070606190099";2;1;1;04
"070606190108";2;1;1;04
"070606190121";1;9;0;08
"070606190127";1;1;1;08
"070606190167";1;1;1;08
"070606190169";2;0;1;04
"070606190186";2;0;1;04
"070606190187";1;1;1;00
"070606190270";1;1;1;07
"070606190277";2;9;0;00
"070606190294";2;1;1;00
"070606190313";5;0;0;00
"070606190319";1;4;5;00
"070606190376";2;1;1;10
"070606190387";1;0;0;09
"070606190410";3;1;1;04
"070606190448";2;1;1;04
"070606190470";3;2;3;10
"070606190489";3;1;1;04
"070606190586";3;2;3;10
"070606190633";1;9;3;03
"070606190663";3;1;3;10
"070606190685";1;1;1;00
"070606190743";1;1;1;00
"070606190754";1;1;1;00
"070606190768";1;2;7;06
"070606190799";1;9;2;10
"070606190826";3;2;3;10
"070606190870";1;1;1;00
"070606190918";2;1;0;04
"070606190939";1;2;3;10
"070606190999";3;2;5;10
"070606191061";5;0;0;00
"070606191072";3;2;0;00
"070606191116";3;1;1;08
"070606191118";1;4;2;10
"070606191125";1;1;1;00
"070606191186";2;1;1;00
"070606191191";1;9;3;00
"070606191229";2;1;1;00
"070606191276";2;1;1;04
"070606191277";2;1;1;04
"070606191279";4;1;1;04
"070606191281";5;1;1;04
"070606191317";5;1;1;08
"070606191328";2;1;1;04
"070606191348";5;1;1;04
"070606191387";2;1;1;04
"070606191388";1;0;5;04
"070606191392";2;1;1;04
"070606191420";2;1;1;04
"070606191429";1;9;0;00
"070706190027";2;1;1;00
"070706190075";5;0;0;00
"070706190099";1;0;0;00
"070706190102";1;1;1;00
"070706190106";3;1;1;04
"070706190127";1;9;7;10
"070706190145";1;1;1;01
"070706190171";2;1;1;10
"070706190256";2;1;1;07
"070706190291";5;0;0;00
"070706190295";1;2;5;05
"070706190299";1;1;1;10
"070706190330";2;1;1;04
"070706190380";2;1;1;04
"070706190405";2;1;1;04
"070706190426";2;1;1;00
"070706190446";1;1;1;07
"070706190452";3;1;1;10
"070706190455";1;9;3;00
"070706190459";5;0;0;00
"070706190489";1;1;1;00
"070706190500";3;1;3;03
"070706190501";2;1;3;02
"070706190520";2;1;1;04
"070706190537";3;1;1;04
"070706190544";2;1;0;00
"070706190576";1;9;7;00
"070706190585";3;2;5;10
"070706190598";1;1;0;00
"070706190604";3;1;1;04
"070706190617";1;2;5;10
"070706190641";1;1;1;08
"070706190643";2;1;1;03
"070706190717";3;1;3;07
"070706190821";1;3;4;10
"070706190836";2;1;0;10
"070706190875";3;1;1;00
"070706190913";2;1;1;04
"070706190917";5;0;0;00
"070706191064";2;1;1;04
"070706191066";5;1;1;08
"070706191071";1;2;3;00
"070706191084";1;1;1;00
"070706191143";1;2;4;04
"070706191169";5;1;1;00
"070706191202";1;1;0;00
"070706191228";1;1;1;04
"070706191302";5;0;0;00
"070706191356";2;1;0;00
"070706191372";1;1;1;00
"070706191373";3;2;3;04
"070706191378";5;0;0;00
"070706191415";3;2;3;06
"070706191488";1;9;1;03
"070706191562";3;1;3;00
"070706191593";3;1;0;04
"070706191613";1;2;3;00
"070706191627";1;1;1;04
"070706191641";2;7;0;00
"070706191819";1;1;1;00
"070706191851";2;5;0;04
"070706191852";2;1;1;00
"070706191858";2;1;1;04
"070706191922";2;1;1;06
"070706191924";3;2;2;10
"070706192033";2;1;1;04
"070706192051";1;0;0;00
"070706192056";2;1;1;07
"070706192073";1;2;4;00
"070706192075";3;1;0;00
"070706192085";2;1;1;07
"070706192109";1;1;1;10
"070706192163";2;1;1;04
"070706192212";2;1;1;04
"070706192214";2;1;1;00
"070706192235";1;1;1;03
"070706192298";1;1;1;00
"070706192301";3;1;1;00
"070706192323";5;0;0;00
"070706192325";2;9;0;00
"070706192345";3;2;5;04
"070706192349";5;1;1;04
"070706192387";3;1;0;04
"070706192399";3;2;7;00
"070706192440";2;1;2;06
"070706192449";3;1;3;10
"070706192457";2;1;1;04
"070706192521";2;1;1;04
"070706192554";2;1;1;04
"070706192581";3;1;0;04
"070706192596";5;0;0;00
"070706192597";1;1;1;03
"070706192601";2;0;0;04
"070706192651";1;4;1;04
"070706192692";1;9;1;09
"070706192699";1;1;0;02
"070706192704";2;1;1;00
"070706192709";3;2;2;00
"070706192806";1;1;1;10
"070706192811";2;1;2;02
"070706192817";1;1;1;06
"070706192879";2;1;0;07
"070706192883";1;9;0;03
"070706192892";1;0;1;04
"070706192900";1;9;2;00
"070706192907";1;5;1;10
"070706192917";1;1;1;04
"070706192918";3;1;1;00
"070706192920";2;0;1;04
"070706192960";3;0;2;02
"070706192982";1;1;1;01
"070706192999";1;1;2;00
"070706193001";1;1;1;04
"070706193011";2;1;1;04
"070706193031";1;1;5;10
"070706193037";1;1;1;00
"070706193042";2;1;1;04
"070706193060";1;1;0;00
"070706193063";1;1;0;10
"070706193067";2;1;0;10
"070706193072";1;4;1;04
"070706193102";5;0;0;00
"140040190125";1;0;3;00
"140506190039";1;9;0;00
"140506190103";1;9;0;00
"140506190113";2;1;0;00
"140506190114";3;1;1;04
"140506190117";2;1;0;04
"140506190128";1;1;2;00
"140506190145";3;1;1;04
"140506190151";1;9;0;00
"140506190155";3;1;1;04
"140506190169";2;1;1;10
"140506190206";2;1;1;04
"140506190234";1;1;0;00
"140506190251";1;1;1;00
"140506190261";3;1;3;00
"140506190344";5;4;1;00
"140506190347";2;0;2;10
"140506190354";1;1;1;04
"140506190401";1;1;1;06
"140506190417";1;1;1;00
"140506190467";1;1;3;10
"140506190494";2;1;1;04
"140506190583";1;9;7;00
"140506190595";2;1;1;00
"140506190669";3;1;7;04
"140506190705";2;1;1;04
"140506190735";1;1;1;04
"140506190866";3;1;1;03
"140506190876";2;1;1;00
"140506190931";1;9;2;10
"140506190935";5;1;1;04
"140506191025";2;1;2;10
"140506191130";2;1;1;04
"140506191166";2;1;1;10
"140506191194";3;0;0;10
"140506191236";5;1;1;08
"140506191320";3;1;1;08
"140506191387";1;9;1;10
"140506191453";1;2;2;10
"140506191467";3;1;8;00
"140506191475";2;1;1;04
"140506191477";1;9;0;00
"140506191486";5;1;1;00
"140506191521";2;1;1;10
"140506191524";2;1;1;04
"140506191552";3;1;5;04
"140506191648";2;1;1;08
"140506191649";3;1;7;10
"140506191664";3;1;1;08
"140506191699";2;4;1;00
"140506191700";1;0;0;00
"140506191798";2;2;3;02
"140506191806";3;1;3;00
"140506191884";5;1;1;00
"140506191931";1;9;6;10
"140506191933";1;1;0;04
"140506191949";1;9;0;10
"140506191960";2;1;1;04
"140506191966";2;1;0;01
"140506191980";2;1;1;10
"140506191994";1;1;0;10
"140506192014";1;9;0;00
"140506192031";1;1;1;04
"140506192050";1;1;1;00
"140506192094";3;1;1;04
"140506192115";3;2;3;10
"140506192132";3;1;0;04
"140506192150";1;1;1;04
"140506192168";1;1;0;04
"140506192187";1;1;3;10
"140506192217";2;1;1;04
"140506192222";5;1;1;00
"140506192246";1;1;1;04
"140806190049";2;1;1;04
"140806190115";2;1;0;10
"140806190125";1;1;1;10
"140806190149";2;1;0;08
"140806190200";2;1;1;10
"140806190205";1;1;1;10
"140806190235";2;1;1;04
"140806190251";3;1;3;06
"140806190254";2;1;1;03
"140806190261";1;0;0;00
"140806190319";1;1;1;10
"140806190369";3;1;1;00
"140806190387";1;1;1;07
"140806190462";1;4;0;00
"140806190479";3;1;3;04
"140806190487";1;1;1;09
"140806190541";2;1;1;08
"140806190555";3;1;1;04
"140806190575";1;4;0;10
"140806190577";2;1;1;10
"140806190592";1;1;1;04
"140806190599";5;0;0;00
"140806190605";5;0;0;00
"140806190682";3;1;3;00
"140806190705";2;1;1;00
"140806190719";2;1;1;04
"140806190725";2;1;1;07
"140806190769";1;0;0;00
"140806190786";3;1;0;04
"140806190815";2;2;3;06
"140906190055";1;1;1;04
"140906190072";1;0;3;05
"140906190081";2;1;1;00
"140906190225";1;4;6;09
"140906190242";3;1;3;03
"140906190273";2;1;1;06
"140906190280";2;0;1;00
"140906190291";2;1;2;10
"140906190316";1;1;0;10
"140906190326";2;1;1;01
"140906190328";5;0;0;00
"140906190365";2;9;3;10
"140906190393";5;1;1;09
"140906190417";2;1;1;04
"140906190522";3;2;3;10
"140906190633";5;0;0;00
"140906190641";1;1;1;04
"140906190642";5;0;0;00
"140906190700";3;1;1;00
"140906190719";2;1;1;04
"140906190723";5;0;0;00
"140906190736";2;1;1;04
"140906190781";4;0;0;00
"140906190781";4;1;1;04
"140906190799";2;1;1;08
"140906190828";5;0;0;00
"140906190848";5;0;0;00
"140906190859";2;1;1;01
"140906190865";2;1;1;04
"140906190918";1;1;1;01
"140906190938";1;1;1;04
"140906190939";1;9;1;08
"141106190026";1;1;1;04
"141106190068";1;1;1;00
"141106190071";1;5;1;10
"141106190136";1;1;1;07
"141106190150";3;2;7;00
"141106190320";1;9;1;08
"141106190336";1;1;1;08
"141106190344";3;1;1;00
"141106190366";2;1;1;04
"141106190394";1;4;3;00
"141106190398";2;1;1;08
"141106190406";1;1;0;00
"141206190001";2;9;2;00
"141206190039";1;1;1;04
"141206190042";5;0;0;00
"141206190106";4;0;0;00
"141206190112";2;1;2;10
"141206190149";3;1;3;02
"141206190189";1;1;1;04
"141206190199";2;1;3;04
"141206190269";3;1;1;04
"141206190309";1;9;0;09
"141206190400";1;1;1;00
"141206190405";1;1;1;10
"141206190467";2;1;1;00
"141206190532";2;1;4;02
"141206190550";1;0;0;09
"141206190560";1;1;1;04
"141206190576";3;1;3;07
"141206190604";1;0;0;00
"141206190611";3;1;0;10
"141206190635";1;1;1;00
"141206190640";2;5;5;00
"141206190642";2;1;1;00
"141206190643";3;2;3;05
"141206190679";3;2;5;10
"141206190692";2;1;1;10
"150506190024";2;1;3;10
"150506190030";2;1;1;04
"150506190041";3;1;3;10
"150506190048";2;1;1;01
"150506190165";1;1;1;10
"150506190178";2;1;1;04
"150506190196";1;9;6;00
"150506190210";1;1;1;04
"150506190235";3;1;1;04
"150506190237";2;1;1;10
"150506190279";2;0;0;10
"150506190293";2;1;2;10
"150506190300";2;1;1;09
"150506190301";2;1;1;04
"150506190308";1;4;1;08
"150506190314";1;2;6;07
"150506190318";1;1;1;00
"150506190375";1;1;3;06
"150506190384";3;2;3;10
"150506190412";3;1;3;06
"150506190426";2;1;0;09
"150506190450";1;1;1;08
"150506190451";2;1;1;00
"150506190505";1;1;1;10
"150506190513";2;1;1;07
"150506190527";1;1;1;10
"150506190560";3;2;7;09
"150506190583";5;0;0;00
"150506190619";3;1;1;04
"150506190631";3;2;5;02
"150506190658";2;1;1;00
"150506190671";2;9;0;09
"150506190686";3;2;3;10
"150506190687";1;1;1;07
"150506190690";1;9;6;04
"150506190725";1;1;1;07
"150506190788";2;1;1;08
"150506190799";2;1;1;01
"150506190816";1;1;1;00
"150506190857";2;1;1;04
"150506190938";2;0;1;04
"150506190944";3;1;3;06
"150506190948";1;1;1;04
"150506190999";3;1;1;08
"150506191038";2;1;1;07
"150506191057";2;1;1;04
"150506191063";2;1;1;10
"150506191087";1;1;1;01
"150506191088";2;1;1;07
"150506191116";3;1;3;10
"150506191121";2;0;3;00
"150506191131";1;1;1;04
"150506191202";2;9;2;00
"150506191236";2;1;1;00
"150506191245";1;9;1;00
"150506191262";2;1;1;04
"150506191265";3;2;3;04
"150506191269";1;1;1;04
"150506191285";2;1;3;02
"150506191327";1;1;1;10
"150506191336";1;1;5;08
"150506191339";2;1;0;03
"150506191349";1;9;1;07
"150506191372";2;1;1;07
"150506191447";1;1;1;00
"150506191448";2;7;5;00
"150506191489";1;0;0;00
"150506191496";1;1;1;07
"150506191498";2;1;3;02
"150506191515";2;0;1;10
"150506191530";3;1;7;05
"150506191571";2;1;1;01
"150506191587";1;9;3;09
"150806190076";2;1;1;04
"150806190103";3;1;3;06
"150806190113";2;1;1;04
"150806190141";3;1;3;00
"150806190153";3;1;1;04
"150806190195";2;2;3;10
"150806190257";3;2;3;04
"150806190287";1;9;5;00
"150806190337";1;2;2;10
"150806190351";2;1;1;10
"150806190405";1;2;3;00
"150806190458";3;1;1;04
"150806190475";1;4;1;09
"150806190490";2;1;1;07
"150806190509";3;2;3;10
"150806190554";2;9;7;00
"150806190609";2;1;1;08
"150806190650";2;1;1;07
"150806190674";2;1;1;09
"150806190686";1;1;7;04
"150806190690";5;0;0;00
"150806190701";1;9;5;00
"150806190717";2;1;1;04
"150806190746";1;1;1;00
"150806190756";2;1;1;04
"150806190798";1;1;1;04
"150806190803";3;2;2;04
"151106190019";2;1;1;10
"151106190024";2;1;1;09
"151106190032";2;1;3;10
"151106190040";1;1;1;04
"151106190047";1;1;1;07
"151106190070";2;1;1;04
"151106190084";2;1;1;04
"151106190086";2;1;1;04
"151106190098";2;1;1;04
"151106190121";2;1;0;08
"151106190132";3;1;3;10
"151106190136";1;9;1;10
"151106190141";1;1;0;08
"151106190143";2;1;1;00
"151106190156";1;4;3;10
"151106190173";3;1;0;00
"151106190207";3;1;1;04
"151106190262";3;1;1;08
"151106190298";1;8;7;04
"151106190394";1;2;3;03
"151106190428";1;4;1;00
"151106190434";1;9;1;00
"151106190455";1;9;5;09
"151106190484";1;9;3;04
"151106190544";2;1;1;04
"151106190548";3;1;3;10
"151106190561";3;1;3;10
"151106190608";1;1;1;04
"151106190634";2;1;1;07
"151106190687";2;1;1;10
"151106190749";1;4;1;04
"151106190860";1;1;1;00
"151106190867";2;1;1;10
"151106190872";2;1;1;10
"151106190895";3;2;3;00
"151106190903";1;9;2;02
"151106190906";5;0;0;00
"151106190914";1;1;1;04
"151106190933";1;6;0;10
"151106190964";2;1;1;04
"151106191008";2;1;1;06
"151106191043";2;1;1;04
"151106191046";2;1;1;08
"151106191067";3;1;1;04
"151106191071";3;2;3;10
"151106191149";2;1;2;10
"151506190014";5;0;0;00
"151506190041";2;1;1;08
"151506190055";3;2;3;04
"151506190063";1;1;1;04
"151506190065";2;1;0;00
"151506190068";2;1;1;00
"151506190083";3;2;3;04
"151506190119";2;1;6;09
"151506190153";5;0;0;00
"151506190155";2;1;1;04
"151506190164";2;1;1;04
"151506190189";1;1;3;10
"151506190199";3;2;3;10
"151506190200";1;1;1;04
"151506190212";5;0;0;00
"151506190245";1;9;1;07
"151506190269";2;1;1;09
"151506190280";2;1;1;04
"151506190311";1;1;0;00
"151506190435";2;1;3;10
"151506190564";2;1;1;00
"151506190575";2;1;1;00
"151506190608";1;5;1;08
"151506190618";2;1;2;10
"151506190620";1;8;0;10
"151506190652";1;1;1;04
"151506190671";3;2;7;00
"151506190673";1;9;0;00
"151506190693";1;1;1;04
"151506190735";3;2;7;00
"151506190789";1;1;1;06
"151506190792";1;1;1;04
"151506190821";2;1;1;08
"151506190844";1;1;3;10
"151506190874";1;7;1;04
"151506190904";2;0;1;04
"151506190916";2;1;5;09
"151506190918";3;1;1;04
"151506190919";2;1;7;04
"151506190968";1;0;0;00
"151506190991";1;0;0;00
"151506191000";1;4;0;10
"160041191034";1;1;1;00
"160706190015";2;1;1;04
"160706190157";1;1;5;09
"160706190191";3;2;3;10
"160706190259";3;2;3;10
"160706190277";3;1;1;07
"160706190325";1;1;1;00
"160706190414";2;2;3;10
"160706190428";3;1;1;10
"160706190448";2;1;1;04
"160706190460";1;9;3;06
"160706190475";2;1;1;04
"160706190497";1;1;5;06
"160706190538";1;0;0;00
"160706190559";5;0;0;00
"160706190587";2;2;5;00
"160706190627";2;1;1;10
"160706190643";2;1;1;04
"160706190722";2;1;0;04
"160706190738";2;1;1;04
"160706190745";2;1;1;10
"160706190794";2;1;1;04
"160706190819";3;1;3;10
"160706190869";3;1;5;04
"160706190884";2;1;1;08
"160706190897";3;2;3;10
"160706190913";1;1;1;08
"161006190024";2;1;1;04
"161006190025";2;1;1;04
"161006190056";2;1;1;04
"161006190110";1;1;7;06
"161006190170";2;1;1;08
"161006190171";3;1;3;04
"161006190182";3;1;5;00
"161006190204";2;1;3;03
"161006190307";1;1;1;00
"161006190345";2;1;3;10
"161006190401";2;1;1;04
"161006190412";2;1;1;01
"161006190468";2;1;1;10
"161006190469";2;1;1;00
"161006190533";2;2;7;04
"161006190537";2;1;3;04
"161006190578";2;1;1;04
"161006190627";2;1;1;04
"161006190639";1;1;1;04
"161006190677";1;1;1;08
"161006190680";2;1;1;01
"161006190713";2;1;1;04
"161006190718";5;0;0;00
"161006190746";1;1;1;04
"161006190787";2;1;1;04
"161006190795";2;1;1;10
"161006190832";3;1;1;07
"161006190840";2;1;3;06
"161006190861";2;1;1;04
"161006190874";3;1;1;04
"161006190882";1;1;1;10
"161006190888";1;1;1;04
"161406190021";2;1;1;00
"161406190025";1;1;1;04
"161406190026";5;0;0;00
"161406190032";1;1;3;10
"161406190035";3;1;1;04
"161406190062";3;2;7;04
"161406190066";1;9;1;09
"161406190069";3;1;1;00
"161406190085";2;1;1;04
"161406190122";2;1;1;04
"161406190131";2;1;0;04
"161406190186";1;1;1;08
"161406190194";3;1;3;10
"161406190347";3;1;7;06
"161406190409";1;1;1;00
"161406190487";2;5;7;07
"161406190499";1;1;1;08
"161406190505";1;1;1;00
"161406190540";2;1;1;07
"161406190569";2;1;1;00
"161406190590";1;1;1;04
"161406190595";2;2;2;00
"161406190652";2;1;3;02
"161406190665";2;2;3;05
"161406190716";1;1;1;08
"161406190724";1;9;0;08
"161406190731";3;1;2;04
"161406190751";2;1;1;00
"161406190789";2;1;1;00
"161406190810";1;1;1;04
"161406190822";2;1;1;04
"161606190023";2;1;1;08
"161606190040";1;1;5;00
"161606190080";3;1;3;10
"161606190094";2;1;1;00
"161606190103";1;1;0;09
"161606190115";2;1;1;10
"161606190123";1;1;0;10
"161606190177";1;1;1;04
"161606190310";1;1;1;04
"161606190330";2;1;1;04
"161606190464";2;9;0;09
"161606190534";3;1;3;10
"161606190536";5;0;0;00
"161606190593";2;1;1;01
"161606190604";3;1;3;10
"161606190624";1;0;0;00
"161606190753";2;1;1;00
"161606190755";2;1;2;00
"161606190767";2;1;1;10
"161606190777";1;1;1;09
"161606190793";3;1;7;09
"161706190022";1;1;1;04
"161706190073";2;1;1;00
"161706190118";1;1;1;10
"161706190164";3;1;1;08
"161706190192";1;2;0;06
"161706190231";2;1;1;00
"161706190362";3;1;3;10
"161706190424";5;0;0;00
"161706190461";2;1;1;04
"161706190463";2;1;1;10
"161706190581";2;1;1;04
"161706190600";3;2;5;04
"161706190601";3;1;1;04
"161706190616";1;9;2;10
"161706190640";2;0;2;10
"161706190696";3;0;6;00
"161706190736";2;1;1;04
"161706190761";5;0;0;00
"170306190038";1;9;3;09
"170306190070";3;1;7;04
"170306190099";1;1;1;04
"170306190165";2;1;1;04
"170306190191";1;2;3;00
"170306190195";1;0;1;08
"170306190271";3;2;3;00
"170306190314";1;1;1;08
"170306190427";3;1;7;06
"170306190502";1;9;0;10
"170306190565";2;1;1;04
"170306190682";1;1;0;00
"170306190738";1;1;1;10
"170306190765";3;1;1;04
"170306190786";1;1;1;01
"170306190787";1;4;1;10
"170306190791";1;1;1;08
"170306190817";1;1;1;07
"170306190843";1;0;5;10
"170306190844";1;9;3;10
"170606190033";5;0;0;00
"170606190034";2;1;1;04
"170606190108";1;1;1;00
"170606190111";1;1;1;10
"170606190161";1;1;1;06
"170606190193";1;1;1;06
"170606190199";5;0;0;00
"170606190216";1;4;1;00
"170606190223";2;1;1;04
"170606190255";2;1;1;04
"170606190363";2;1;1;10
"170606190385";1;1;1;00
"170606190392";1;9;7;00
"170606190416";1;1;1;04
"170606190422";2;1;1;07
"170606190470";3;1;1;04
"170606190555";1;1;1;04
"170606190564";1;9;1;08
"170606190570";2;1;3;10
"170606190598";1;1;1;04
"170606190723";2;1;1;00
"170606190746";2;1;1;04
"170606190763";2;1;1;07
"170606190764";4;0;0;00
"170606190857";2;1;7;10
"170606190914";1;1;1;08
"170606190937";3;1;6;07
"170606191010";2;1;1;08
"170606191016";2;1;0;10
"170606191032";3;1;3;00
"170606191035";2;1;1;04
"170606191036";1;1;3;10
"170606191073";1;0;3;10
"170606191078";2;1;1;08
"170606191094";2;4;1;04
"170606191096";1;1;1;04
"170606191103";2;1;1;04
"170606191132";2;1;1;01
"170606191155";2;1;1;08
"170606191202";1;1;1;09
"170606191255";2;1;1;00
"170606191257";1;1;1;04
"170606191313";3;1;7;02
"170606191326";2;1;1;01
"170606191358";1;1;0;04
"170606191405";1;1;1;00
"170606191423";1;0;5;08
"170906190016";3;1;1;04
"170906190089";2;0;0;00
"170906190114";3;1;3;06
"170906190123";1;1;4;02
"170906190128";1;1;3;06
"170906190135";1;4;1;04
"170906190165";5;0;0;00
"170906190293";3;1;1;04
"170906190319";1;1;1;04
"170906190419";3;1;6;10
"170906190444";2;1;1;00
"170906190472";1;1;1;00
"170906190501";3;2;3;06
"170906190543";3;2;3;10
"170906190573";1;9;1;04
"170906190613";1;9;3;10
"170906190627";1;1;1;00
"170906190633";2;1;1;01
"170906190667";1;9;0;09
"170906190693";2;1;1;04
"170906190716";1;1;0;08
"170906190726";2;1;1;04
"170906190745";1;1;1;01
"171106190061";3;0;7;04
"171106190110";2;1;1;00
"171106190150";1;1;5;00
"171106190206";3;1;1;07
"171106190209";1;1;1;08
"171106190221";1;1;3;04
"171106190228";1;1;1;04
"171106190289";2;0;2;10
"171106190440";1;4;1;00
"171106190481";1;2;3;10
"171106190532";1;1;1;00
"171106190623";2;0;0;00
"171106190717";1;1;1;08
"171106190771";3;2;3;10
"171106190787";1;1;1;00
"171106190935";2;1;1;04
"171106190968";1;9;0;00
"171106190989";1;1;3;00
"171106191046";1;1;1;00
"171106191047";1;1;1;00
"171106191072";2;1;0;07
"171106191153";1;9;1;10
"171106191212";1;1;7;08
"171106191229";1;1;1;08
"180106190036";3;2;3;10
"180106190240";2;1;1;00
"180106190248";3;2;3;06
"180106190492";2;1;0;00
"180106190601";1;1;1;00
"180106190631";1;9;1;09
"180106190632";2;1;3;00
"180106190760";2;1;1;00
"180106190797";3;2;3;00
"180106190944";1;1;1;04
"180106190965";1;1;1;07
"180106191018";3;1;3;06
"180106191063";2;9;6;00
"180106191072";3;2;3;05
"180106191074";5;0;0;00
"180106191102";3;1;3;10
"180106191135";2;1;1;06
"180106191137";3;2;5;10
"180106191144";3;1;1;00
"180106191151";2;1;1;04
"180106191152";1;1;1;00
"180106191259";3;2;2;06
"180106191344";1;3;1;04
"180106191404";3;1;1;04
"180406190050";1;9;7;00
"180406190066";2;1;0;04
"180406190085";3;1;7;04
"180406190096";1;1;0;10
"180406190115";3;1;1;04
"180406190116";3;1;3;00
"180406190117";2;1;1;04
"180406190148";2;1;2;10
"180406190155";2;1;1;04
"180406190164";3;1;1;04
"180406190168";1;1;1;04
"180406190204";3;1;1;08
"180406190264";2;1;1;03
"180406190266";3;1;1;04
"180406190267";3;2;3;04
"180406190271";1;0;7;09
"180406190281";3;1;3;10
"180406190285";3;1;2;04
"180406190313";2;1;3;10
"180406190334";2;4;1;04
"180406190341";1;1;1;00
"180406190372";1;1;2;00
"180406190376";2;1;1;06
"180406190389";3;2;6;09
"180406190432";5;0;0;00
"180406190470";5;0;0;00
"180406190504";2;1;1;04
"180406190525";3;1;2;04
"180406190538";1;1;0;00
"180406190541";1;1;1;04
"180406190545";5;0;0;00
"180406190562";1;1;2;10
"180406190578";3;2;3;04
"180406190579";5;0;0;00
"180406190583";1;1;1;04
"180406190598";1;1;0;00
"180406190601";2;1;1;04
"180406190603";1;1;1;00
"180406190608";3;1;2;10
"180406190640";1;1;0;06
"180406190642";1;4;1;07
"180406190645";3;1;3;03
"180406190664";2;1;2;04
"180406190681";3;1;1;04
"180506190068";2;1;1;10
"180506190114";2;1;1;00
"180506190134";5;0;0;00
"180506190156";1;7;1;08
"180506190244";2;1;1;00
"180506190251";1;1;1;00
"180506190280";1;1;0;10
"180506190285";5;0;0;00
"180506190335";1;4;1;04
"180506190373";2;1;1;08
"180506190378";1;0;3;10
"180506190395";1;9;7;04
"180506190436";1;1;1;10
"180506190443";1;1;7;10
"180506190462";2;1;1;00
"180506190510";2;1;3;00
"180506190547";2;1;3;04
"180506190562";1;1;1;00
"180506190600";1;1;3;04
"180506190612";1;1;1;01
"180506190635";3;1;3;06
"180506190651";3;1;0;04
"180506190657";1;1;3;05
"180506190667";1;1;1;06
"180506190673";1;0;0;00
"180506190690";1;1;3;04
"180506190694";1;2;1;10
"180506190716";3;1;3;00
"180506190771";2;1;1;04
"180506190777";2;1;0;00
"180506190875";2;1;1;00
"180506190905";1;4;1;00
"180506190927";1;9;7;04
"180506190934";1;9;2;09
"180506190937";2;1;1;08
"180506190942";3;1;1;08
"180506190961";1;1;1;00
"180506190988";1;1;1;00
"180506191112";3;2;2;04
"180506191143";1;9;3;00
"180506191158";3;1;3;03
"180506191214";3;1;3;00
"180506191265";2;1;1;00
"180506191266";2;4;1;00
"180506191302";4;0;0;00
"180506191345";1;1;1;00
"180506191383";2;1;0;00
"180506191412";3;1;1;04
"180506191426";2;1;1;04
"180506191438";1;8;0;00
"180506191480";2;1;3;00
"180506191504";1;1;1;10
"180506191563";2;1;7;00
"180506191591";1;9;1;10
"180506191597";3;1;1;00
"180506191622";2;1;0;00
"180506191630";1;1;1;10
"180506191662";2;1;1;04
"180506191708";2;1;1;00
"180506191731";5;0;0;00
"180506191737";3;1;5;10
"180506191755";2;1;7;04
"180506191770";2;1;1;04
"180506191772";5;0;0;00
"180506191782";3;1;3;09
"180506191789";2;1;1;04
"180506191802";1;0;3;10
"180506191804";2;1;1;04
"180506191807";2;1;1;09
"180506191854";2;1;1;04
"180506191866";5;0;0;00
"180506191878";2;1;1;04
"180506191901";1;1;1;10
"180506191912";1;1;1;04
"180506191925";2;1;1;03
"180506191933";2;1;1;04
"180506191967";2;1;1;10
"180506191981";2;1;1;00
"181106190017";1;1;5;09
"181106190021";3;1;1;04
"181106190048";1;1;7;08
"181106190073";1;1;1;00
"181106190092";3;0;8;00
"181106190144";1;9;1;08
"181106190155";2;9;0;08
"181106190231";2;1;1;04
"181106190236";1;1;1;00
"181106190261";3;0;0;10
"181106190302";4;0;0;00
"181106190320";1;1;1;00
"181106190412";2;1;1;00
"181106190433";1;1;0;10
"181106190447";1;1;1;04
"181106190467";3;2;5;04
"181106190507";1;4;2;00
"181106190519";1;1;1;09
"181106190539";2;2;3;10
"181106190549";2;1;1;04
"181106190550";5;0;0;00
"181106190561";2;1;1;07
"181106190566";1;1;1;09
"181106190579";1;1;1;04
"181106190606";1;9;0;00
"181106190615";2;1;1;04
"190206190001";2;1;1;01
"190206190007";2;1;5;06
"190206190109";5;0;0;00
"190206190142";1;0;1;08
"190206190180";3;1;3;10
"190206190209";2;4;3;10
"190206190212";1;1;2;00
"190206190233";2;1;1;08
"190206190271";5;0;0;00
"190206190300";3;1;3;04
"190206190327";3;1;1;04
"190206190374";3;1;1;01
"190206190452";2;1;1;01
"190206190468";2;1;1;10
"190206190512";2;1;1;04
"190206190549";3;2;3;10
"190206190559";1;1;1;04
"190206190607";2;1;0;08
"190206190622";1;1;2;00
"190206190628";3;2;3;00
"190206190631";2;1;5;05
"190206190665";2;1;1;04
"190206190669";3;1;1;07
"190306190013";2;1;1;00
"190306190039";2;1;1;04
"190306190140";2;1;1;07
"190306190188";1;1;1;04
"190306190227";3;2;2;04
"190306190245";2;2;3;00
"190306190263";3;2;6;04
"190306190269";2;2;2;10
"190306190271";1;1;1;08
"190306190300";1;0;2;10
"190306190303";1;1;0;00
"190306190309";3;2;7;05
"190306190310";2;1;1;07
"190306190319";3;4;0;00
"190306190355";1;1;1;07
"190306190362";2;1;1;10
"190306190384";1;1;0;07
"190306190404";5;0;0;00
"190306190486";2;1;1;04
"190306190502";2;1;1;04
"190306190588";1;1;1;04
"190306190611";2;1;1;08
"190306190626";2;1;5;10
"190306190660";1;9;7;00
"190306190711";2;9;3;10
"190306190738";2;2;2;04
"190306190766";1;9;1;09
"190306190779";2;1;1;10
"190306190819";3;1;0;04
"190306190821";3;2;7;04
"190306190837";1;1;1;04
"190306190866";3;2;7;10
"190306190880";1;1;1;00
"190306190882";3;2;3;05
"190306190895";2;1;1;04
"190306190909";1;1;7;10
"190306190913";1;1;1;10
"190306190923";3;1;1;04
"190306190947";2;1;5;09
"190306190956";2;1;1;08
"190306190970";1;1;0;00
"190306191012";1;1;1;04
"190306191030";1;4;1;00
"190306191038";1;1;3;10
"190306191045";1;0;3;02
"190306191093";1;9;1;04
"190306191101";2;1;7;04
"190306191104";2;1;1;01
"190306191114";3;1;1;04
"190306191128";2;1;0;06
"190306191156";2;1;0;10
"190906190013";5;0;0;00
"190906190044";3;1;0;00
"190906190056";1;1;0;00
"190906190116";3;1;2;05
"190906190154";5;0;0;00
"190906190167";3;1;1;04
"190906190175";3;1;3;02
"190906190178";1;0;5;10
"190906190197";2;1;1;08
"190906190229";3;1;1;01
"190906190268";2;1;0;10
"190906190292";3;1;3;00
"190906190360";3;2;3;10
"190906190365";3;2;5;06
"190906190367";2;1;0;00
"190906190368";3;2;3;10
"190906190382";3;1;1;04
"190906190409";3;1;3;10
"190906190451";3;1;1;00
"190906190484";2;1;1;00
"190906190534";1;1;3;00
"190906190546";2;1;1;00
"190906190564";3;2;3;04
"190906190604";2;1;1;04
"190906190615";1;1;1;10
"190906190678";2;1;1;00
"190906190686";1;0;0;10
"190906190720";3;1;3;10
"190906190730";3;1;3;06
"190906190741";5;0;0;00
"190906190767";1;9;0;00
"190906190772";2;1;1;01
